﻿<?xml version="1.0" encoding="utf-8" ?>
<quiz>
	<title>大五人格量表（BFI）</title>
	<description>	
	大五人格量表（The Big Five Inventory, BFI）
	注意事项：
	
	这里有一些适合或不适合你的特征。例如，你是否同意你喜欢花时间和别人呆在一起？请在每个描述的旁边写下数字，指明你在多大程度上同意或不同意该描述。
	
    非常不同意（1）	
	有点不同意（2）	
	无所谓（3）	
	有点同意（4）	
	非常同意（5）
	</description>
	
	<score>
	评分标准：
    反向计分题目：1分—>5分, 2分—>4分, 3分—>3分, 4分—>2分, 5分—>1分
	  外向性：6,21,31
	  宜人性：2,12,27,37
	  尽责性：8,18,23,43
	  神经质：9,24,34
	  开放性：35,41
	
	其余题目按1-5计分
	
	所有题目的维度归属：
	  外向性: 1, 6, 11, 16, 21, 26, 31, 36
      宜人性: 2, 7, 12, 17, 22, 27, 32, 37, 42
      尽责性: 3, 8, 13, 18, 23, 28, 33, 38, 43
      神经质: 4, 9, 14, 19, 24, 29, 34, 39
      开放性: 5, 10, 15, 20, 25, 30, 35, 40, 41, 44
    
	求五个维度所有题目的平均数
	</score>
	
	<interfacetype>inf_BFI</interfacetype>
	
	<xmltype>0</xmltype>
	<questionnum>44</questionnum>
	<question>
		<number>1</number>
		<content>我觉得比平常容易紧张或着急</content>
		<option>非常不同意</option>
		<option>有点不同意</option>
		<option>无所谓</option>
		<option>有点同意</option>
		<option>非常同意</option>
	</question>
	<question>
		<number>2</number>
		<content>喜欢挑剔别人的毛病</content>
		<option>非常不同意</option>
		<option>有点不同意</option>
		<option>无所谓</option>
		<option>有点同意</option>
		<option>非常同意</option>
	</question>
	<question>
		<number>3</number>
		<content>工作很周密</content>
		<option>非常不同意</option>
		<option>有点不同意</option>
		<option>无所谓</option>
		<option>有点同意</option>
		<option>非常同意</option>
	</question>
	<question>
		<number>4</number>
		<content>压抑而忧郁</content>
		<option>非常不同意</option>
		<option>有点不同意</option>
		<option>无所谓</option>
		<option>有点同意</option>
		<option>非常同意</option>
	</question>
	<question>
		<number>5</number>
		<content>具有独创性，会产生新点子</content>
		<option>非常不同意</option>
		<option>有点不同意</option>
		<option>无所谓</option>
		<option>有点同意</option>
		<option>非常同意</option>
	</question>
	<question>
		<number>6</number>
		<content>含蓄的</content>
		<option>非常不同意</option>
		<option>有点不同意</option>
		<option>无所谓</option>
		<option>有点同意</option>
		<option>非常同意</option>
	</question>
	<question>
		<number>7</number>
		<content>乐于助人，无私</content>
		<option>非常不同意</option>
		<option>有点不同意</option>
		<option>无所谓</option>
		<option>有点同意</option>
		<option>非常同意</option>
	</question>
	<question>
		<number>8</number>
		<content>可能有些粗心</content>
		<option>非常不同意</option>
		<option>有点不同意</option>
		<option>无所谓</option>
		<option>有点同意</option>
		<option>非常同意</option>
	</question>
	<question>
		<number>9</number>
		<content>放松的，可以很好应对压力</content>
		<option>非常不同意</option>
		<option>有点不同意</option>
		<option>无所谓</option>
		<option>有点同意</option>
		<option>非常同意</option>
	</question>
	<question>
		<number>10</number>
		<content>对许多不同的事情感到好奇</content>
		<option>非常不同意</option>
		<option>有点不同意</option>
		<option>无所谓</option>
		<option>有点同意</option>
		<option>非常同意</option>
	</question>
	<question>
		<number>11</number>
		<content>精力充沛</content>
		<option>非常不同意</option>
		<option>有点不同意</option>
		<option>无所谓</option>
		<option>有点同意</option>
		<option>非常同意</option>
	</question>
	<question>
		<number>12</number>
		<content>经常与他人发生争吵</content>
		<option>非常不同意</option>
		<option>有点不同意</option>
		<option>无所谓</option>
		<option>有点同意</option>
		<option>非常同意</option>
	</question>
	<question>
		<number>13</number>
		<content>是个可信赖的人</content>
		<option>非常不同意</option>
		<option>有点不同意</option>
		<option>无所谓</option>
		<option>有点同意</option>
		<option>非常同意</option>
	</question>
	<question>
		<number>14</number>
		<content>可能会紧张</content>
		<option>非常不同意</option>
		<option>有点不同意</option>
		<option>无所谓</option>
		<option>有点同意</option>
		<option>非常同意</option>
	</question>
	<question>
		<number>15</number>
		<content>有独创性，思想深刻</content>
		<option>非常不同意</option>
		<option>有点不同意</option>
		<option>无所谓</option>
		<option>有点同意</option>
		<option>非常同意</option>
	</question>
	<question>
		<number>16</number>
		<content>具有很大的热情</content>
		<option>非常不同意</option>
		<option>有点不同意</option>
		<option>无所谓</option>
		<option>有点同意</option>
		<option>非常同意</option>
	</question>
	<question>
		<number>17</number>
		<content>天性宽以待人</content>
		<option>非常不同意</option>
		<option>有点不同意</option>
		<option>无所谓</option>
		<option>有点同意</option>
		<option>非常同意</option>
	</question>
	<question>
		<number>18</number>
		<content>倾向于缺乏条理</content>
		<option>非常不同意</option>
		<option>有点不同意</option>
		<option>无所谓</option>
		<option>有点同意</option>
		<option>非常同意</option>
	</question>
	<question>
		<number>19</number>
		<content>有很多忧虑</content>
		<option>非常不同意</option>
		<option>有点不同意</option>
		<option>无所谓</option>
		<option>有点同意</option>
		<option>非常同意</option>
	</question>
	<question>
		<number>20</number>
		<content>想象力活跃</content>
		<option>非常不同意</option>
		<option>有点不同意</option>
		<option>无所谓</option>
		<option>有点同意</option>
		<option>非常同意</option>
	</question>
	<question>
		<number>21</number>
		<content>比较安静</content>
		<option>非常不同意</option>
		<option>有点不同意</option>
		<option>无所谓</option>
		<option>有点同意</option>
		<option>非常同意</option>
	</question>
	<question>
		<number>22</number>
		<content>大体上信任他人</content>
		<option>非常不同意</option>
		<option>有点不同意</option>
		<option>无所谓</option>
		<option>有点同意</option>
		<option>非常同意</option>
	</question>
	<question>
		<number>23</number>
		<content>比较懒惰</content>
		<option>非常不同意</option>
		<option>有点不同意</option>
		<option>无所谓</option>
		<option>有点同意</option>
		<option>非常同意</option>
	</question>
	<question>
		<number>24</number>
		<content>情绪稳定，不容易急躁</content>
		<option>非常不同意</option>
		<option>有点不同意</option>
		<option>无所谓</option>
		<option>有点同意</option>
		<option>非常同意</option>
	</question>
	<question>
		<number>25</number>
		<content>善于创造</content>
		<option>非常不同意</option>
		<option>有点不同意</option>
		<option>无所谓</option>
		<option>有点同意</option>
		<option>非常同意</option>
	</question>
	<question>
		<number>26</number>
		<content>性格决断</content>
		<option>非常不同意</option>
		<option>有点不同意</option>
		<option>无所谓</option>
		<option>有点同意</option>
		<option>非常同意</option>
	</question>
	<question>
		<number>27</number>
		<content>可能会冷淡孤僻</content>
		<option>非常不同意</option>
		<option>有点不同意</option>
		<option>无所谓</option>
		<option>有点同意</option>
		<option>非常同意</option>
	</question>
	<question>
		<number>28</number>
		<content>坚持到任务完成</content>
		<option>非常不同意</option>
		<option>有点不同意</option>
		<option>无所谓</option>
		<option>有点同意</option>
		<option>非常同意</option>
	</question>
	<question>
		<number>29</number>
		<content>可能会喜怒无常</content>
		<option>非常不同意</option>
		<option>有点不同意</option>
		<option>无所谓</option>
		<option>有点同意</option>
		<option>非常同意</option>
	</question>
	<question>
		<number>30</number>
		<content>重视艺术、美学的经历</content>
		<option>非常不同意</option>
		<option>有点不同意</option>
		<option>无所谓</option>
		<option>有点同意</option>
		<option>非常同意</option>
	</question>
	<question>
		<number>31</number>
		<content>有时羞怯、拘谨</content>
		<option>非常不同意</option>
		<option>有点不同意</option>
		<option>无所谓</option>
		<option>有点同意</option>
		<option>非常同意</option>
	</question>
	<question>
		<number>32</number>
		<content>几乎对每个人都很友善及体谅</content>
		<option>非常不同意</option>
		<option>有点不同意</option>
		<option>无所谓</option>
		<option>有点同意</option>
		<option>非常同意</option>
	</question>
	<question>
		<number>33</number>
		<content>做事有效率</content>
		<option>非常不同意</option>
		<option>有点不同意</option>
		<option>无所谓</option>
		<option>有点同意</option>
		<option>非常同意</option>
	</question>
	<question>
		<number>34</number>
		<content>在紧张情境中仍保持冷静</content>
		<option>非常不同意</option>
		<option>有点不同意</option>
		<option>无所谓</option>
		<option>有点同意</option>
		<option>非常同意</option>
	</question>
	<question>
		<number>35</number>
		<content>喜欢从事常规性的工作，不喜欢不确定性</content>
		<option>非常不同意</option>
		<option>有点不同意</option>
		<option>无所谓</option>
		<option>有点同意</option>
		<option>非常同意</option>
	</question>
	<question>
		<number>36</number>
		<content>外向，好交际</content>
		<option>非常不同意</option>
		<option>有点不同意</option>
		<option>无所谓</option>
		<option>有点同意</option>
		<option>非常同意</option>
	</question>
	<question>
		<number>37</number>
		<content>有时对他人粗鲁</content>
		<option>非常不同意</option>
		<option>有点不同意</option>
		<option>无所谓</option>
		<option>有点同意</option>
		<option>非常同意</option>
	</question>
	<question>
		<number>38</number>
		<content>制定计划并加以贯彻</content>
		<option>非常不同意</option>
		<option>有点不同意</option>
		<option>无所谓</option>
		<option>有点同意</option>
		<option>非常同意</option>
	</question>
	<question>
		<number>39</number>
		<content>容易紧张</content>
		<option>非常不同意</option>
		<option>有点不同意</option>
		<option>无所谓</option>
		<option>有点同意</option>
		<option>非常同意</option>
	</question>
	<question>
		<number>40</number>
		<content>喜欢反省、思考各种想法</content>
		<option>非常不同意</option>
		<option>有点不同意</option>
		<option>无所谓</option>
		<option>有点同意</option>
		<option>非常同意</option>
	</question>
	<question>
		<number>41</number>
		<content>没有多少艺术兴趣</content>
		<option>非常不同意</option>
		<option>有点不同意</option>
		<option>无所谓</option>
		<option>有点同意</option>
		<option>非常同意</option>
	</question><question>
		<number>42</number>
		<content>喜欢与他人合作，而不是竞争</content>
		<option>非常不同意</option>
		<option>有点不同意</option>
		<option>无所谓</option>
		<option>有点同意</option>
		<option>非常同意</option>
	</question>
	<question>
		<number>43</number>
		<content>容易分心</content>
		<option>非常不同意</option>
		<option>有点不同意</option>
		<option>无所谓</option>
		<option>有点同意</option>
		<option>非常同意</option>
	</question>
	<question>
		<number>44</number>
		<content>精通美术、音乐和文学</content>
		<option>非常不同意</option>
		<option>有点不同意</option>
		<option>无所谓</option>
		<option>有点同意</option>
		<option>非常同意</option>
	</question>
	
</quiz>