<?xml version="1.0" encoding="utf-8"?>
<!DOCTYPE questionnaire SYSTEM "Questionnaire.dtd">

<!--
计分方法[最后需要11个值]：
	1、对所有90道题目求平均值，作为维度1
	2、对用户评分非0（即回答不是“从无”）的题目，求平均值，作为维度2；
	3、剩下的9个维度，根据题目所属的tag求平均值：
		so Somatization 躯体化						[1 4 12 27 40 42 48 49 52 53 56 58]
		oc Obsessive-Compulsive 强迫症状			[3 9 10 28 38 45 46 51 55 65]
		is Interpersonal sensitivity 人际关系敏感	[6 21 34 36 37 41 61 69 73]
		de Depression 抑郁							[5 14 15 20 22 26 29 30 31 32 54 71 79]
		an Anxiety 焦虑								[2 17 23 33 39 57 72 78 80 86]
		ho Hostility 敌对							[11 24 63 67 74 81]
		pa Photic anxiety 恐怖						[13 25 47 50 70 75 82]
		pi Paranoid ideation 偏执					[8 18 43 68 76 83]
		ps Psychoticism 精神病性					[7 16 35 62 77 84 85 87 88 90]
		xx	对于评估无意义，只是插在题目当中占位	[19 44 59 60 64 66 89]
-->

<questionnaire>
  <description>
    <identifier>Depress</identifier>
    <title>心理健康测试</title>
    <information><![CDATA[欢迎您填写本量表，本量表是针对微博使用而设计的。通过填写本量表，您可以评测您最近的心理健康状况。]]>
	</information>
    <interfacetype>NormalQuestionnaire</interfacetype>
    <remarkintroduce>

    </remarkintroduce>
  </description>

  <questions>
	<question qid="q01" tag="so">
      <text>头痛</text>
      <answer aid="a0" score="0">从无</answer>
      <answer aid="a1" score="1">轻度</answer>
	  <answer aid="a2" score="2">中度</answer>
	  <answer aid="a3" score="3">偏重</answer>
	  <answer aid="a4" score="4">重度</answer>
    </question>
  
    <question qid="q02" tag="an">
      <text>神经过敏，心中不踏实</text>
      <answer aid="a0" score="0">从无</answer>
      <answer aid="a1" score="1">轻度</answer>
	  <answer aid="a2" score="2">中度</answer>
	  <answer aid="a3" score="3">偏重</answer>
	  <answer aid="a4" score="4">重度</answer>
    </question>

    <question qid="q03" tag="oc">
      <text>头脑中有不必要的想法或字句盘旋</text>
      <answer aid="a0" score="0">从无</answer>
      <answer aid="a1" score="1">轻度</answer>
	  <answer aid="a2" score="2">中度</answer>
	  <answer aid="a3" score="3">偏重</answer>
	  <answer aid="a4" score="4">重度</answer>
    </question>

    <question qid="q04" tag="so">
      <text>头晕或昏倒</text>
	  <answer aid="a0" score="0">从无</answer>
      <answer aid="a1" score="1">轻度</answer>
	  <answer aid="a2" score="2">中度</answer>
	  <answer aid="a3" score="3">偏重</answer>
	  <answer aid="a4" score="4">重度</answer>
    </question>

    <question qid="q05" tag="de">
      <text>对异性的兴趣减退</text>
      <answer aid="a0" score="0">从无</answer>
      <answer aid="a1" score="1">轻度</answer>
	  <answer aid="a2" score="2">中度</answer>
	  <answer aid="a3" score="3">偏重</answer>
	  <answer aid="a4" score="4">重度</answer>
    </question>

    <question qid="q06" tag="is">
      <text>对旁人责备求全</text>
      <answer aid="a0" score="0">从无</answer>
      <answer aid="a1" score="1">轻度</answer>
	  <answer aid="a2" score="2">中度</answer>
	  <answer aid="a3" score="3">偏重</answer>
	  <answer aid="a4" score="4">重度</answer>
    </question>

    <question qid="q07" tag="ps">
      <text>感到别人能控制您的思想</text>
	  <answer aid="a0" score="0">从无</answer>
      <answer aid="a1" score="1">轻度</answer>
	  <answer aid="a2" score="2">中度</answer>
	  <answer aid="a3" score="3">偏重</answer>
	  <answer aid="a4" score="4">重度</answer>
    </question>

    <question qid="q08" tag="pi">
      <text>责怪别人制造麻烦</text>
      <answer aid="a0" score="0">从无</answer>
      <answer aid="a1" score="1">轻度</answer>
	  <answer aid="a2" score="2">中度</answer>
	  <answer aid="a3" score="3">偏重</answer>
	  <answer aid="a4" score="4">重度</answer>
    </question>

    <question qid="q09" tag="oc">
      <text>忘性大</text>
      <answer aid="a0" score="0">从无</answer>
      <answer aid="a1" score="1">轻度</answer>
	  <answer aid="a2" score="2">中度</answer>
	  <answer aid="a3" score="3">偏重</answer>
	  <answer aid="a4" score="4">重度</answer>
    </question>

    <question qid="q10" tag="oc">
      <text>担心自己的衣饰整齐及仪态的端庄</text>
      <answer aid="a0" score="0">从无</answer>
      <answer aid="a1" score="1">轻度</answer>
	  <answer aid="a2" score="2">中度</answer>
	  <answer aid="a3" score="3">偏重</answer>
	  <answer aid="a4" score="4">重度</answer>
    </question>

    <question qid="q11" tag="ho">
      <text>容易烦恼和激动</text>
      <answer aid="a0" score="0">从无</answer>
      <answer aid="a1" score="1">轻度</answer>
	  <answer aid="a2" score="2">中度</answer>
	  <answer aid="a3" score="3">偏重</answer>
	  <answer aid="a4" score="4">重度</answer>
    </question>

	<question qid="q12" tag="so">
      <text>胸痛</text>
      <answer aid="a0" score="0">从无</answer>
      <answer aid="a1" score="1">轻度</answer>
	  <answer aid="a2" score="2">中度</answer>
	  <answer aid="a3" score="3">偏重</answer>
	  <answer aid="a4" score="4">重度</answer>
    </question>
  
	<question qid="q13" tag="pa">
      <text>害怕空旷的场所或街道</text>
      <answer aid="a0" score="0">从无</answer>
      <answer aid="a1" score="1">轻度</answer>
	  <answer aid="a2" score="2">中度</answer>
	  <answer aid="a3" score="3">偏重</answer>
	  <answer aid="a4" score="4">重度</answer>
    </question>
  
	<question qid="q14" tag="de">
      <text>感到自己精力下降，活动减慢</text>
      <answer aid="a0" score="0">从无</answer>
      <answer aid="a1" score="1">轻度</answer>
	  <answer aid="a2" score="2">中度</answer>
	  <answer aid="a3" score="3">偏重</answer>
	  <answer aid="a4" score="4">重度</answer>
    </question>
  
	<question qid="q15" tag="de">
      <text>想结束自己的生命</text>
      <answer aid="a0" score="0">从无</answer>
      <answer aid="a1" score="1">轻度</answer>
	  <answer aid="a2" score="2">中度</answer>
	  <answer aid="a3" score="3">偏重</answer>
	  <answer aid="a4" score="4">重度</answer>
    </question>
  
	<question qid="q16" tag="ps">
      <text>听到旁人听不到的声音</text>
      <answer aid="a0" score="0">从无</answer>
      <answer aid="a1" score="1">轻度</answer>
	  <answer aid="a2" score="2">中度</answer>
	  <answer aid="a3" score="3">偏重</answer>
	  <answer aid="a4" score="4">重度</answer>
    </question>
  
	<question qid="q17" tag="an">
      <text>发抖</text>
      <answer aid="a0" score="0">从无</answer>
      <answer aid="a1" score="1">轻度</answer>
	  <answer aid="a2" score="2">中度</answer>
	  <answer aid="a3" score="3">偏重</answer>
	  <answer aid="a4" score="4">重度</answer>
    </question>
  
	<question qid="q18" tag="pi">
      <text>感到大多数人都不可信任</text>
      <answer aid="a0" score="0">从无</answer>
      <answer aid="a1" score="1">轻度</answer>
	  <answer aid="a2" score="2">中度</answer>
	  <answer aid="a3" score="3">偏重</answer>
	  <answer aid="a4" score="4">重度</answer>
    </question>
  
	<question qid="q19" tag="xx">
      <text>胃口不好</text>
      <answer aid="a0" score="0">从无</answer>
      <answer aid="a1" score="1">轻度</answer>
	  <answer aid="a2" score="2">中度</answer>
	  <answer aid="a3" score="3">偏重</answer>
	  <answer aid="a4" score="4">重度</answer>
    </question>
  
	<question qid="q20" tag="de">
      <text>容易哭泣</text>
      <answer aid="a0" score="0">从无</answer>
      <answer aid="a1" score="1">轻度</answer>
	  <answer aid="a2" score="2">中度</answer>
	  <answer aid="a3" score="3">偏重</answer>
	  <answer aid="a4" score="4">重度</answer>
    </question>
  
	<question qid="q21" tag="is">
      <text>同异性相处时感到害羞不自在</text>
      <answer aid="a0" score="0">从无</answer>
      <answer aid="a1" score="1">轻度</answer>
	  <answer aid="a2" score="2">中度</answer>
	  <answer aid="a3" score="3">偏重</answer>
	  <answer aid="a4" score="4">重度</answer>
    </question>
  
	<question qid="q22" tag="de">
      <text>感到受骗，中了圈套或有人想抓住您</text>
      <answer aid="a0" score="0">从无</answer>
      <answer aid="a1" score="1">轻度</answer>
	  <answer aid="a2" score="2">中度</answer>
	  <answer aid="a3" score="3">偏重</answer>
	  <answer aid="a4" score="4">重度</answer>
    </question>
  
	<question qid="q23" tag="an">
      <text>无缘无故地突然感到害怕</text>
      <answer aid="a0" score="0">从无</answer>
      <answer aid="a1" score="1">轻度</answer>
	  <answer aid="a2" score="2">中度</answer>
	  <answer aid="a3" score="3">偏重</answer>
	  <answer aid="a4" score="4">重度</answer>
    </question>
  
	<question qid="q24" tag="ho">
      <text>自己不能控制地大发脾气</text>
      <answer aid="a0" score="0">从无</answer>
      <answer aid="a1" score="1">轻度</answer>
	  <answer aid="a2" score="2">中度</answer>
	  <answer aid="a3" score="3">偏重</answer>
	  <answer aid="a4" score="4">重度</answer>
    </question>
  
	<question qid="q25" tag="pa">
      <text>怕单独出门</text>
      <answer aid="a0" score="0">从无</answer>
      <answer aid="a1" score="1">轻度</answer>
	  <answer aid="a2" score="2">中度</answer>
	  <answer aid="a3" score="3">偏重</answer>
	  <answer aid="a4" score="4">重度</answer>
    </question>
  
	<question qid="q26" tag="de">
      <text>经常责怪自己</text>
      <answer aid="a0" score="0">从无</answer>
      <answer aid="a1" score="1">轻度</answer>
	  <answer aid="a2" score="2">中度</answer>
	  <answer aid="a3" score="3">偏重</answer>
	  <answer aid="a4" score="4">重度</answer>
    </question>
  
	<question qid="q27" tag="so">
      <text>腰痛</text>
      <answer aid="a0" score="0">从无</answer>
      <answer aid="a1" score="1">轻度</answer>
	  <answer aid="a2" score="2">中度</answer>
	  <answer aid="a3" score="3">偏重</answer>
	  <answer aid="a4" score="4">重度</answer>
    </question>
  
	<question qid="q28" tag="oc">
      <text>感到难以完成任务</text>
      <answer aid="a0" score="0">从无</answer>
      <answer aid="a1" score="1">轻度</answer>
	  <answer aid="a2" score="2">中度</answer>
	  <answer aid="a3" score="3">偏重</answer>
	  <answer aid="a4" score="4">重度</answer>
    </question>
  
	<question qid="q29" tag="de">
      <text>感到孤独</text>
      <answer aid="a0" score="0">从无</answer>
      <answer aid="a1" score="1">轻度</answer>
	  <answer aid="a2" score="2">中度</answer>
	  <answer aid="a3" score="3">偏重</answer>
	  <answer aid="a4" score="4">重度</answer>
    </question>
  
	<question qid="q30" tag="de">
      <text>感到苦闷</text>
      <answer aid="a0" score="0">从无</answer>
      <answer aid="a1" score="1">轻度</answer>
	  <answer aid="a2" score="2">中度</answer>
	  <answer aid="a3" score="3">偏重</answer>
	  <answer aid="a4" score="4">重度</answer>
    </question>
  
	<question qid="q31" tag="de">
      <text>过分担忧</text>
      <answer aid="a0" score="0">从无</answer>
      <answer aid="a1" score="1">轻度</answer>
	  <answer aid="a2" score="2">中度</answer>
	  <answer aid="a3" score="3">偏重</answer>
	  <answer aid="a4" score="4">重度</answer>
    </question>
  
	<question qid="q32" tag="de">
      <text>对事物不感兴趣</text>
      <answer aid="a0" score="0">从无</answer>
      <answer aid="a1" score="1">轻度</answer>
	  <answer aid="a2" score="2">中度</answer>
	  <answer aid="a3" score="3">偏重</answer>
	  <answer aid="a4" score="4">重度</answer>
    </question>
  
	<question qid="q33" tag="an">
      <text>感到害怕</text>
      <answer aid="a0" score="0">从无</answer>
      <answer aid="a1" score="1">轻度</answer>
	  <answer aid="a2" score="2">中度</answer>
	  <answer aid="a3" score="3">偏重</answer>
	  <answer aid="a4" score="4">重度</answer>
    </question>
  
	<question qid="q34" tag="is">
      <text>您的感情容易受到伤害</text>
      <answer aid="a0" score="0">从无</answer>
      <answer aid="a1" score="1">轻度</answer>
	  <answer aid="a2" score="2">中度</answer>
	  <answer aid="a3" score="3">偏重</answer>
	  <answer aid="a4" score="4">重度</answer>
    </question>
  
	<question qid="q35" tag="ps">
      <text>旁人能知道您的私下想法</text>
      <answer aid="a0" score="0">从无</answer>
      <answer aid="a1" score="1">轻度</answer>
	  <answer aid="a2" score="2">中度</answer>
	  <answer aid="a3" score="3">偏重</answer>
	  <answer aid="a4" score="4">重度</answer>
    </question>
  
	<question qid="q36" tag="is">
      <text>感到别人不理解您、不同情您</text>
      <answer aid="a0" score="0">从无</answer>
      <answer aid="a1" score="1">轻度</answer>
	  <answer aid="a2" score="2">中度</answer>
	  <answer aid="a3" score="3">偏重</answer>
	  <answer aid="a4" score="4">重度</answer>
    </question>
  
	<question qid="q37" tag="is">
      <text>感到人们对您不友好，不喜欢您</text>
      <answer aid="a0" score="0">从无</answer>
      <answer aid="a1" score="1">轻度</answer>
	  <answer aid="a2" score="2">中度</answer>
	  <answer aid="a3" score="3">偏重</answer>
	  <answer aid="a4" score="4">重度</answer>
    </question>
  
	<question qid="q38" tag="oc">
      <text>做事必须做得很慢以保证做得正确</text>
      <answer aid="a0" score="0">从无</answer>
      <answer aid="a1" score="1">轻度</answer>
	  <answer aid="a2" score="2">中度</answer>
	  <answer aid="a3" score="3">偏重</answer>
	  <answer aid="a4" score="4">重度</answer>
    </question>
	
	<question qid="q39" tag="an">
      <text>心跳得很厉害</text>
      <answer aid="a0" score="0">从无</answer>
      <answer aid="a1" score="1">轻度</answer>
	  <answer aid="a2" score="2">中度</answer>
	  <answer aid="a3" score="3">偏重</answer>
	  <answer aid="a4" score="4">重度</answer>
    </question>
  
	<question qid="q40" tag="so">
      <text>恶心或胃部不舒服</text>
      <answer aid="a0" score="0">从无</answer>
      <answer aid="a1" score="1">轻度</answer>
	  <answer aid="a2" score="2">中度</answer>
	  <answer aid="a3" score="3">偏重</answer>
	  <answer aid="a4" score="4">重度</answer>
    </question>
  
	<question qid="q41" tag="is">
      <text>感到比不上别人</text>
      <answer aid="a0" score="0">从无</answer>
      <answer aid="a1" score="1">轻度</answer>
	  <answer aid="a2" score="2">中度</answer>
	  <answer aid="a3" score="3">偏重</answer>
	  <answer aid="a4" score="4">重度</answer>
    </question>
  
	<question qid="q42" tag="so">
      <text>肌肉酸痛</text>
      <answer aid="a0" score="0">从无</answer>
      <answer aid="a1" score="1">轻度</answer>
	  <answer aid="a2" score="2">中度</answer>
	  <answer aid="a3" score="3">偏重</answer>
	  <answer aid="a4" score="4">重度</answer>
    </question>
  
	<question qid="q43" tag="pi">
      <text>感到有人在监视您、谈论您</text>
      <answer aid="a0" score="0">从无</answer>
      <answer aid="a1" score="1">轻度</answer>
	  <answer aid="a2" score="2">中度</answer>
	  <answer aid="a3" score="3">偏重</answer>
	  <answer aid="a4" score="4">重度</answer>
    </question>
  
	<question qid="q44" tag="xx">
      <text>难以入睡</text>
      <answer aid="a0" score="0">从无</answer>
      <answer aid="a1" score="1">轻度</answer>
	  <answer aid="a2" score="2">中度</answer>
	  <answer aid="a3" score="3">偏重</answer>
	  <answer aid="a4" score="4">重度</answer>
    </question>
  
	<question qid="q45" tag="oc">
      <text>做事必须反复检查</text>
      <answer aid="a0" score="0">从无</answer>
      <answer aid="a1" score="1">轻度</answer>
	  <answer aid="a2" score="2">中度</answer>
	  <answer aid="a3" score="3">偏重</answer>
	  <answer aid="a4" score="4">重度</answer>
    </question>

	<question qid="q46" tag="oc">
      <text>难以作出决定</text>
      <answer aid="a0" score="0">从无</answer>
      <answer aid="a1" score="1">轻度</answer>
	  <answer aid="a2" score="2">中度</answer>
	  <answer aid="a3" score="3">偏重</answer>
	  <answer aid="a4" score="4">重度</answer>
    </question>

	<question qid="q47" tag="pa">
      <text>怕乘电车、公共汽车、地铁或火车</text>
      <answer aid="a0" score="0">从无</answer>
      <answer aid="a1" score="1">轻度</answer>
	  <answer aid="a2" score="2">中度</answer>
	  <answer aid="a3" score="3">偏重</answer>
	  <answer aid="a4" score="4">重度</answer>
    </question>
  
	<question qid="q48" tag="so">
      <text>呼吸有困难</text>
      <answer aid="a0" score="0">从无</answer>
      <answer aid="a1" score="1">轻度</answer>
	  <answer aid="a2" score="2">中度</answer>
	  <answer aid="a3" score="3">偏重</answer>
	  <answer aid="a4" score="4">重度</answer>
    </question>
  
	<question qid="q49" tag="so">
      <text>一阵阵发冷或发热</text>
      <answer aid="a0" score="0">从无</answer>
      <answer aid="a1" score="1">轻度</answer>
	  <answer aid="a2" score="2">中度</answer>
	  <answer aid="a3" score="3">偏重</answer>
	  <answer aid="a4" score="4">重度</answer>
    </question>
  
	<question qid="q50" tag="pa">
      <text>因为感到害怕而避开某些东西、场合或活动</text>
      <answer aid="a0" score="0">从无</answer>
      <answer aid="a1" score="1">轻度</answer>
	  <answer aid="a2" score="2">中度</answer>
	  <answer aid="a3" score="3">偏重</answer>
	  <answer aid="a4" score="4">重度</answer>
    </question>

	<question qid="q51" tag="oc">
      <text>脑子变空了</text>
      <answer aid="a0" score="0">从无</answer>
      <answer aid="a1" score="1">轻度</answer>
	  <answer aid="a2" score="2">中度</answer>
	  <answer aid="a3" score="3">偏重</answer>
	  <answer aid="a4" score="4">重度</answer>
    </question>

	<question qid="a52" tag="so">
      <text>身体发麻或刺痛</text>
      <answer aid="a0" score="0">从无</answer>
      <answer aid="a1" score="1">轻度</answer>
	  <answer aid="a2" score="2">中度</answer>
	  <answer aid="a3" score="3">偏重</answer>
	  <answer aid="a4" score="4">重度</answer>
    </question>

	<question qid="a53" tag="so">
      <text>喉咙有梗塞感</text>
      <answer aid="a0" score="0">从无</answer>
      <answer aid="a1" score="1">轻度</answer>
	  <answer aid="a2" score="2">中度</answer>
	  <answer aid="a3" score="3">偏重</answer>
	  <answer aid="a4" score="4">重度</answer>
    </question>

	<question qid="q54" tag="de">
      <text>感到前途没有希望</text>
      <answer aid="a0" score="0">从无</answer>
      <answer aid="a1" score="1">轻度</answer>
	  <answer aid="a2" score="2">中度</answer>
	  <answer aid="a3" score="3">偏重</answer>
	  <answer aid="a4" score="4">重度</answer>
    </question>

	<question qid="q55" tag="oc">
      <text>不能集中注意</text>
      <answer aid="a0" score="0">从无</answer>
      <answer aid="a1" score="1">轻度</answer>
	  <answer aid="a2" score="2">中度</answer>
	  <answer aid="a3" score="3">偏重</answer>
	  <answer aid="a4" score="4">重度</answer>
    </question>

	<question qid="q56" tag="so">
      <text>感到身体的某一部分软弱无力</text>
      <answer aid="a0" score="0">从无</answer>
      <answer aid="a1" score="1">轻度</answer>
	  <answer aid="a2" score="2">中度</answer>
	  <answer aid="a3" score="3">偏重</answer>
	  <answer aid="a4" score="4">重度</answer>
    </question>

	<question qid="q57" tag="an">
      <text>感到紧张或容易紧张</text>
      <answer aid="a0" score="0">从无</answer>
      <answer aid="a1" score="1">轻度</answer>
	  <answer aid="a2" score="2">中度</answer>
	  <answer aid="a3" score="3">偏重</answer>
	  <answer aid="a4" score="4">重度</answer>
    </question>

	<question qid="q58" tag="so">
      <text>感到手或脚发重</text>
      <answer aid="a0" score="0">从无</answer>
      <answer aid="a1" score="1">轻度</answer>
	  <answer aid="a2" score="2">中度</answer>
	  <answer aid="a3" score="3">偏重</answer>
	  <answer aid="a4" score="4">重度</answer>
    </question>

	<question qid="q59" tag="xx">
      <text>感到死亡的事</text>
      <answer aid="a0" score="0">从无</answer>
      <answer aid="a1" score="1">轻度</answer>
	  <answer aid="a2" score="2">中度</answer>
	  <answer aid="a3" score="3">偏重</answer>
	  <answer aid="a4" score="4">重度</answer>
    </question>

	<question qid="q60" tag="xx">
      <text>吃得太多</text>
      <answer aid="a0" score="0">从无</answer>
      <answer aid="a1" score="1">轻度</answer>
	  <answer aid="a2" score="2">中度</answer>
	  <answer aid="a3" score="3">偏重</answer>
	  <answer aid="a4" score="4">重度</answer>
    </question>

	<question qid="q61" tag="is">
      <text>当别人看着您或谈论您时感到不自在</text>
      <answer aid="a0" score="0">从无</answer>
      <answer aid="a1" score="1">轻度</answer>
	  <answer aid="a2" score="2">中度</answer>
	  <answer aid="a3" score="3">偏重</answer>
	  <answer aid="a4" score="4">重度</answer>
    </question>

	<question qid="q62" tag="ps">
      <text>有一些不属于您自己的想法</text>
      <answer aid="a0" score="0">从无</answer>
      <answer aid="a1" score="1">轻度</answer>
	  <answer aid="a2" score="2">中度</answer>
	  <answer aid="a3" score="3">偏重</answer>
	  <answer aid="a4" score="4">重度</answer>
    </question>

	<question qid="q63" tag="ho">
      <text>有想打人或伤害他人的冲动</text>
      <answer aid="a0" score="0">从无</answer>
      <answer aid="a1" score="1">轻度</answer>
	  <answer aid="a2" score="2">中度</answer>
	  <answer aid="a3" score="3">偏重</answer>
	  <answer aid="a4" score="4">重度</answer>
    </question>

	<question qid="q64" tag="xx">
      <text>醒得太早</text>
      <answer aid="a0" score="0">从无</answer>
      <answer aid="a1" score="1">轻度</answer>
	  <answer aid="a2" score="2">中度</answer>
	  <answer aid="a3" score="3">偏重</answer>
	  <answer aid="a4" score="4">重度</answer>
    </question>

	<question qid="q65" tag="oc">
      <text>必须反复洗手、点数</text>
      <answer aid="a0" score="0">从无</answer>
      <answer aid="a1" score="1">轻度</answer>
	  <answer aid="a2" score="2">中度</answer>
	  <answer aid="a3" score="3">偏重</answer>
	  <answer aid="a4" score="4">重度</answer>
    </question>

	<question qid="q66" tag="xx">
      <text>睡得不稳不深</text>
      <answer aid="a0" score="0">从无</answer>
      <answer aid="a1" score="1">轻度</answer>
	  <answer aid="a2" score="2">中度</answer>
	  <answer aid="a3" score="3">偏重</answer>
	  <answer aid="a4" score="4">重度</answer>
    </question>

	<question qid="q67" tag="ho">
      <text>有想摔坏或破坏东西的想法</text>
      <answer aid="a0" score="0">从无</answer>
      <answer aid="a1" score="1">轻度</answer>
	  <answer aid="a2" score="2">中度</answer>
	  <answer aid="a3" score="3">偏重</answer>
	  <answer aid="a4" score="4">重度</answer>
    </question>

	<question qid="q68" tag="pi">
      <text>有一些别人没有的想法</text>
      <answer aid="a0" score="0">从无</answer>
      <answer aid="a1" score="1">轻度</answer>
	  <answer aid="a2" score="2">中度</answer>
	  <answer aid="a3" score="3">偏重</answer>
	  <answer aid="a4" score="4">重度</answer>
    </question>

	<question qid="q69" tag="is">
      <text>感到对别人神经过敏</text>
      <answer aid="a0" score="0">从无</answer>
      <answer aid="a1" score="1">轻度</answer>
	  <answer aid="a2" score="2">中度</answer>
	  <answer aid="a3" score="3">偏重</answer>
	  <answer aid="a4" score="4">重度</answer>
    </question>

	<question qid="q70" tag="pa">
      <text>在商场或电影院等人多的地方感到不自在</text>
      <answer aid="a0" score="0">从无</answer>
      <answer aid="a1" score="1">轻度</answer>
	  <answer aid="a2" score="2">中度</answer>
	  <answer aid="a3" score="3">偏重</answer>
	  <answer aid="a4" score="4">重度</answer>
    </question>

	<question qid="q71" tag="de">
      <text>感到任何事情都很困难</text>
      <answer aid="a0" score="0">从无</answer>
      <answer aid="a1" score="1">轻度</answer>
	  <answer aid="a2" score="2">中度</answer>
	  <answer aid="a3" score="3">偏重</answer>
	  <answer aid="a4" score="4">重度</answer>
    </question>

	<question qid="q72" tag="an">
      <text>一阵阵恐惧或惊恐</text>
      <answer aid="a0" score="0">从无</answer>
      <answer aid="a1" score="1">轻度</answer>
	  <answer aid="a2" score="2">中度</answer>
	  <answer aid="a3" score="3">偏重</answer>
	  <answer aid="a4" score="4">重度</answer>
    </question>

	<question qid="q73" tag="is">
      <text>感到公共场合吃东西很不舒服</text>
      <answer aid="a0" score="0">从无</answer>
      <answer aid="a1" score="1">轻度</answer>
	  <answer aid="a2" score="2">中度</answer>
	  <answer aid="a3" score="3">偏重</answer>
	  <answer aid="a4" score="4">重度</answer>
    </question>

	<question qid="q74" tag="ho">
      <text>经常与人争论</text>
      <answer aid="a0" score="0">从无</answer>
      <answer aid="a1" score="1">轻度</answer>
	  <answer aid="a2" score="2">中度</answer>
	  <answer aid="a3" score="3">偏重</answer>
	  <answer aid="a4" score="4">重度</answer>
    </question>

	<question qid="q75" tag="pa">
      <text>单独一人时神经很紧张</text>
      <answer aid="a0" score="0">从无</answer>
      <answer aid="a1" score="1">轻度</answer>
	  <answer aid="a2" score="2">中度</answer>
	  <answer aid="a3" score="3">偏重</answer>
	  <answer aid="a4" score="4">重度</answer>
    </question>

	<question qid="q76" tag="pi">
      <text>别人对您的成绩没有作出恰当的评论</text>
      <answer aid="a0" score="0">从无</answer>
      <answer aid="a1" score="1">轻度</answer>
	  <answer aid="a2" score="2">中度</answer>
	  <answer aid="a3" score="3">偏重</answer>
	  <answer aid="a4" score="4">重度</answer>
    </question>
  
	<question qid="q77" tag="ps">
      <text>即使和别人在一起也感到孤单</text>
      <answer aid="a0" score="0">从无</answer>
      <answer aid="a1" score="1">轻度</answer>
	  <answer aid="a2" score="2">中度</answer>
	  <answer aid="a3" score="3">偏重</answer>
	  <answer aid="a4" score="4">重度</answer>
    </question>

	<question qid="q78" tag="an">
      <text>感到坐立不安心神不定</text>
      <answer aid="a0" score="0">从无</answer>
      <answer aid="a1" score="1">轻度</answer>
	  <answer aid="a2" score="2">中度</answer>
	  <answer aid="a3" score="3">偏重</answer>
	  <answer aid="a4" score="4">重度</answer>
    </question>
	
	<question qid="q79" tag="de">
      <text>感到自己没有什么价值</text>
      <answer aid="a0" score="0">从无</answer>
      <answer aid="a1" score="1">轻度</answer>
	  <answer aid="a2" score="2">中度</answer>
	  <answer aid="a3" score="3">偏重</answer>
	  <answer aid="a4" score="4">重度</answer>
    </question>
	
	<question qid="q80" tag="an">
      <text>感到熟悉的东西变陌生或不象是真的</text>
      <answer aid="a0" score="0">从无</answer>
      <answer aid="a1" score="1">轻度</answer>
	  <answer aid="a2" score="2">中度</answer>
	  <answer aid="a3" score="3">偏重</answer>
	  <answer aid="a4" score="4">重度</answer>
    </question>
	
	<question qid="q81" tag="ho">
      <text>大叫或摔东西</text>
      <answer aid="a0" score="0">从无</answer>
      <answer aid="a1" score="1">轻度</answer>
	  <answer aid="a2" score="2">中度</answer>
	  <answer aid="a3" score="3">偏重</answer>
	  <answer aid="a4" score="4">重度</answer>
    </question>
	
	<question qid="q82" tag="pa">
      <text>害怕会在公共场合昏倒</text>
      <answer aid="a0" score="0">从无</answer>
      <answer aid="a1" score="1">轻度</answer>
	  <answer aid="a2" score="2">中度</answer>
	  <answer aid="a3" score="3">偏重</answer>
	  <answer aid="a4" score="4">重度</answer>
    </question>
	
	<question qid="q83" tag="pi">
      <text>感到别人想占您的便宜</text>
      <answer aid="a0" score="0">从无</answer>
      <answer aid="a1" score="1">轻度</answer>
	  <answer aid="a2" score="2">中度</answer>
	  <answer aid="a3" score="3">偏重</answer>
	  <answer aid="a4" score="4">重度</answer>
    </question>
	
	<question qid="q84" tag="ps">
      <text>为一些有关“性”的想法而很苦恼</text>
      <answer aid="a0" score="0">从无</answer>
      <answer aid="a1" score="1">轻度</answer>
	  <answer aid="a2" score="2">中度</answer>
	  <answer aid="a3" score="3">偏重</answer>
	  <answer aid="a4" score="4">重度</answer>
    </question>
	
	<question qid="q85" tag="ps">
      <text>您认为应该因为自己的过错而受到惩罚</text>
      <answer aid="a0" score="0">从无</answer>
      <answer aid="a1" score="1">轻度</answer>
	  <answer aid="a2" score="2">中度</answer>
	  <answer aid="a3" score="3">偏重</answer>
	  <answer aid="a4" score="4">重度</answer>
    </question>
	
	<question qid="q86" tag="an">
      <text>感到要赶快把事情做完</text>
      <answer aid="a0" score="0">从无</answer>
      <answer aid="a1" score="1">轻度</answer>
	  <answer aid="a2" score="2">中度</answer>
	  <answer aid="a3" score="3">偏重</answer>
	  <answer aid="a4" score="4">重度</answer>
    </question>
	
	<question qid="q87" tag="ps">
      <text>感到自己的身体有严重问题</text>
      <answer aid="a0" score="0">从无</answer>
      <answer aid="a1" score="1">轻度</answer>
	  <answer aid="a2" score="2">中度</answer>
	  <answer aid="a3" score="3">偏重</answer>
	  <answer aid="a4" score="4">重度</answer>
    </question>
	
	<question qid="q88" tag="ps">
      <text>从未感到和其他人亲近</text>
      <answer aid="a0" score="0">从无</answer>
      <answer aid="a1" score="1">轻度</answer>
	  <answer aid="a2" score="2">中度</answer>
	  <answer aid="a3" score="3">偏重</answer>
	  <answer aid="a4" score="4">重度</answer>
    </question>
	
	<question qid="q89" tag="xx">
      <text>感到自己有罪</text>
      <answer aid="a0" score="0">从无</answer>
      <answer aid="a1" score="1">轻度</answer>
	  <answer aid="a2" score="2">中度</answer>
	  <answer aid="a3" score="3">偏重</answer>
	  <answer aid="a4" score="4">重度</answer>
    </question>
	
	<question qid="q90" tag="ps">
      <text>感到自己的脑子有毛病</text>
      <answer aid="a0" score="0">从无</answer>
      <answer aid="a1" score="1">轻度</answer>
	  <answer aid="a2" score="2">中度</answer>
	  <answer aid="a3" score="3">偏重</answer>
	  <answer aid="a4" score="4">重度</answer>
    </question>
	
  </questions>

  <remarks>
    <remark Tag="so" Tag_for_score="high" Name="躯体化">您的得分高于平均水平，属于高分组。这个维度主要反映身体不适感，包括心血管、胃肠道、呼吸和其他系统的不适，和头痛、背痛、肌肉酸痛，以及焦虑等躯体不适表现。得分越高，躯体的不适感越强；得分越低，症状体验越不明显。</remark>
    <remark Tag="so" Tag_for_score="low" Name="躯体化">您的得分低于平均水平，属于低分组。这个维度主要反映身体不适感，包括心血管、胃肠道、呼吸和其他系统的不适，和头痛、背痛、肌肉酸痛，以及焦虑等躯体不适表现。得分越高，躯体的不适感越强；得分越低，症状体验越不明显。</remark>
    <remark Tag="oc" Tag_for_score="high" Name="强迫症状">您的得分高于平均水平，属于高分组。这个维度主要指那些明知没有必要，但又无法摆脱的无意义的思想、冲动和行为，还有一些比较一般的认知障碍的行为征象也在这一因子中反映。得分越高，表明个体越无法摆脱一些无意义的行为、思想和冲动，并可能表现出一些认知障碍的行为征兆；得分越低，表明个体在此种症状上表现越不明显，没有出现强迫行为。</remark>
    <remark Tag="oc" Tag_for_score="low" Name="强迫症状">您的得分低于平均水平，属于低分组。这个维度主要指那些明知没有必要，但又无法摆脱的无意义的思想、冲动和行为，还有一些比较一般的认知障碍的行为征象也在这一因子中反映。得分越高，表明个体越无法摆脱一些无意义的行为、思想和冲动，并可能表现出一些认知障碍的行为征兆；得分越低，表明个体在此种症状上表现越不明显，没有出现强迫行为。</remark>
    <remark Tag="is" Tag_for_score="high" Name="人际关系敏感">您的得分高于平均水平，属于高分组。这个维度主要是指某些人际的不自在与自卑感，特别是与其他人相比较时更加突出。在人际交往中的自卑感，心神不安，明显的不自在，以及人际交流中的不良自我暗示，消极的期待等是这方面症状的典型原因。得分越高，个体在人际交往中表现的问题就越多，自卑，自我中心越突出，并且已表现出消极的期待；得分越低，个体在人际关系上越能应付自如，人际交流自信、胸有成竹，并抱有积极的期待。</remark>
    <remark Tag="is" Tag_for_score="low" Name="人际关系敏感">您的得分低于平均水平，属于低分组。这个维度主要主要是指某些人际的不自在与自卑感，特别是与其他人相比较时更加突出。在人际交往中的自卑感，心神不安，明显的不自在，以及人际交流中的不良自我暗示，消极的期待等是这方面症状的典型原因。得分越高，个体在人际交往中表现的问题就越多，自卑，自我中心越突出，并且已表现出消极的期待；得分越低，个体在人际关系上越能应付自如，人际交流自信、胸有成竹，并抱有积极的期待。</remark>
    <remark Tag="de" Tag_for_score="high" Name="抑郁">您的得分高于平均水平，属于高分组。苦闷的情感与心境为代表性症状，还以生活兴趣的减退，动力缺乏，活力丧失等为特征。还表现出失望、悲观以及与抑郁相联系的认知和躯体方面的感受，另外，还包括有关死亡的思想和自杀观念。得分越高，抑郁程度越明显；得分越低，抑郁程度越不明显。</remark>
    <remark Tag="de" Tag_for_score="low" Name="抑郁">您的得分低于平均水平，属于低分组。苦闷的情感与心境为代表性症状，还以生活兴趣的减退，动力缺乏，活力丧失等为特征。还表现出失望、悲观以及与抑郁相联系的认知和躯体方面的感受，另外，还包括有关死亡的思想和自杀观念。得分越高，抑郁程度越明显；得分越低，抑郁程度越不明显。</remark>
    <remark Tag="an" Tag_for_score="high" Name="焦虑">您的得分高于平均水平，属于高分组。一般指那些烦躁，坐立不安，神经过敏，紧张以及由此产生的躯体征象，如震颤等。得分越高，焦虑表现越明显；得分越低，越不会导致焦虑。</remark>
    <remark Tag="an" Tag_for_score="low" Name="焦虑">您的得分低于平均水平，属于低分组。一般指那些烦躁，坐立不安，神经过敏，紧张以及由此产生的躯体征象，如震颤等。得分越高，焦虑表现越明显；得分越低，越不会导致焦虑。</remark>
    <remark Tag="ho" Tag_for_score="high" Name="敌对">您的得分高于平均水平，属于高分组。主要从三方面来反映敌对的表现：思想、感情及行为。其项目包括厌烦的感觉，摔物，争论直到不可控制的脾气暴发等各方面。得分越高，个体越容易敌对，好争论，脾气难以控制；得分越低，个体的脾气越温和，待人友好，不喜欢争论、无破坏行为。</remark>
    <remark Tag="ho" Tag_for_score="low" Name="敌对">您的得分低于平均水平，属于低分组。主要从三方面来反映敌对的表现：思想、感情及行为。其项目包括厌烦的感觉，摔物，争论直到不可控制的脾气暴发等各方面。得分越高，个体越容易敌对，好争论，脾气难以控制；得分越低，个体的脾气越温和，待人友好，不喜欢争论、无破坏行为。</remark>
    <remark Tag="pa" Tag_for_score="high" Name="恐怖">您的得分高于平均水平，属于高分组。恐惧的对象包括出门旅行，空旷场地，人群或公共场所和交通工具。此外，还有社交恐怖。得分越高，个体越容易对一些场所和物体发生恐惧，并伴有明显的躯体症状；得分越低，个体越不易产生恐怖心理，越能正常的交往和活动。</remark>
    <remark Tag="pa" Tag_for_score="low" Name="恐怖">您的得分低于平均水平，属于低分组。恐惧的对象包括出门旅行，空旷场地，人群或公共场所和交通工具。此外，还有社交恐怖。得分越高，个体越容易对一些场所和物体发生恐惧，并伴有明显的躯体症状；得分越低，个体越不易产生恐怖心理，越能正常的交往和活动。</remark>
    <remark Tag="pi" Tag_for_score="high" Name="偏执">您的得分高于平均水平，属于高分组。主要指投射性思维，敌对，猜疑，妄想，被动体验和夸大等。得分越高，个体越易偏执，表现出投射性的思维和妄想；得分越低，个体思维越不易走极端。</remark>
    <remark Tag="pi" Tag_for_score="low" Name="偏执">您的得分低于平均水平，属于低分组。主要指投射性思维，敌对，猜疑，妄想，被动体验和夸大等。得分越高，个体越易偏执，表现出投射性的思维和妄想；得分越低，个体思维越不易走极端。</remark>
    <remark Tag="ps" Tag_for_score="high" Name="精神病">您的得分高于平均水平，属于高分组。反映各式各样的急性症状和行为，即限定不严的精神病性过程的症状表现。得分越高，越多的表现出精神病性症状和行为；得分越低，就越少表现出这些症状和行为。</remark>
    <remark Tag="ps" Tag_for_score="low" Name="精神病">您的得分低于平均水平，属于低分组。反映各式各样的急性症状和行为，即限定不严的精神病性过程的症状表现。得分越高，越多的表现出精神病性症状和行为；得分越低，就越少表现出这些症状和行为。</remark>
  </remarks>

</questionnaire>