﻿<?xml version="1.0" encoding="utf-8" ?>
<quiz>
	<title>自评抑郁量表（SDS）</title>
	<description>	
	问卷内容：
	SDS和DSI分别由20个陈述句和相应问题条目的组成。每一条木相当于一个有关症状，按1-4级评分。20个条目反映抑郁状态四组特异性症状：
	1、精神性-情感症状，包含抑郁心境和哭泣两个条目
	2、躯体性障碍，包含情绪的日间差异、睡眠障碍、食欲减退、性欲减退、体重减轻、便秘、心动过速、易疲劳共八个条目
	3、精神运动性障碍，包含精神运动性迟滞和激越两个条目
	4、抑郁的心理障碍，包含思维混乱、无望感、易激惹、犹豫不决、自我贬值、空虚感、反复思考自杀和不满足，共八个条目
	
	问卷评价：
	SDS和DSI为一短程自评量表和问卷，操作方便，容易掌握，能有效地反应抑郁状态的有关症状及其严重和变化，特别适用于综合医院以发现抑郁症病人。SDS的评分不受年龄、性别、经济状况等因素影响。如受试者文化程度较低或智力水平稍差不能进行自评，可采用DSI由检查者进行评定。SDS及DSI在国外已广泛应用，我国于1985年译成中文。
	</description>
	
	<score>
	评分方法：
	每一个条目均按1、2、3、4级评分。请受试者仔细阅读每一条陈述句，或检查者逐一提问，根据最适合受试者情况的时间频度选择：
	1、从无或偶尔
	2、有时
	3、经常
	4、总是如此
	20个条目中有10项（第2、5、6、11、12、14、16、17、18、20）是用正性词陈述的，为反序计分，其余10项是用负性词陈述的，按上述1-4顺序评分。
	SDS和DSI评定的抑郁严重度指数按下列公式计算：
	抑郁严重度指数=各条目累计分/80(80为最高总分)。指数范围为0.25~1.0，指数越高，抑郁程度越重。
	
	SDS评分指数：
	0.5以下，为无抑郁
	0.50~0.59，为轻微至轻度抑郁
	0.60~0.69，中至重度抑郁
	0.70以上，为重度抑郁
	</score>
	
	<interfacetype>inf_SDS</interfacetype>
	
	<xmltype>0</xmltype>
	<questionnum>20</questionnum>
	<question>
		<number>1</number>
		<content>我感到情绪沮丧、郁闷</content>
		<option>从无或偶尔</option>
		<option>有时</option>
		<option>经常</option>
		<option>总是如此</option>
	</question>
	<question>
		<number>2</number>
		<content>我感到早晨心情最好</content>
		<option>从无或偶尔</option>
		<option>有时</option>
		<option>经常</option>
		<option>总是如此</option>
	</question>
		<question>
		<number>3</number>
		<content>我要哭或想哭</content>
		<option>从无或偶尔</option>
		<option>有时</option>
		<option>经常</option>
		<option>总是如此</option>
	</question>
		<question>
		<number>4</number>
		<content>我夜间睡眠不好</content>
		<option>从无或偶尔</option>
		<option>有时</option>
		<option>经常</option>
		<option>总是如此</option>
	</question>
		<question>
		<number>5</number>
		<content>我吃饭像平时一样多</content>
		<option>从无或偶尔</option>
		<option>有时</option>
		<option>经常</option>
		<option>总是如此</option>
	</question>
		<question>
		<number>6</number>
		<content>我的性功能正常</content>
		<option>从无或偶尔</option>
		<option>有时</option>
		<option>经常</option>
		<option>总是如此</option>
	</question>
		<question>
		<number>7</number>
		<content>我感到体重减轻</content>
		<option>从无或偶尔</option>
		<option>有时</option>
		<option>经常</option>
		<option>总是如此</option>
	</question>
		<question>
		<number>8</number>
		<content>我为便秘烦恼</content>
		<option>从无或偶尔</option>
		<option>有时</option>
		<option>经常</option>
		<option>总是如此</option>
	</question>
		<question>
		<number>9</number>
		<content>我的心跳比平时快</content>
		<option>从无或偶尔</option>
		<option>有时</option>
		<option>经常</option>
		<option>总是如此</option>
	</question>
		<question>
		<number>10</number>
		<content>我无故感到疲劳</content>
		<option>从无或偶尔</option>
		<option>有时</option>
		<option>经常</option>
		<option>总是如此</option>
	</question>
		<question>
		<number>11</number>
		<content>我的头脑像往常一样清楚</content>
		<option>从无或偶尔</option>
		<option>有时</option>
		<option>经常</option>
		<option>总是如此</option>
	</question>
		<question>
		<number>12</number>
		<content>我做事情像平时一样不感到困难</content>
		<option>从无或偶尔</option>
		<option>有时</option>
		<option>经常</option>
		<option>总是如此</option>
	</question>
		<question>
		<number>13</number>
		<content>我坐卧不安，难以保持平静</content>
		<option>从无或偶尔</option>
		<option>有时</option>
		<option>经常</option>
		<option>总是如此</option>
	</question>
		<question>
		<number>14</number>
		<content>我对未来感到有希望</content>
		<option>从无或偶尔</option>
		<option>有时</option>
		<option>经常</option>
		<option>总是如此</option>
	</question>
		<question>
		<number>15</number>
		<content>我比平时更容易激怒</content>
		<option>从无或偶尔</option>
		<option>有时</option>
		<option>经常</option>
		<option>总是如此</option>
	</question>
		<question>
		<number>16</number>
		<content>我觉得决定什么事很容易</content>
		<option>从无或偶尔</option>
		<option>有时</option>
		<option>经常</option>
		<option>总是如此</option>
	</question>
		<question>
		<number>17</number>
		<content>我感到自己是有用的和不可缺少的人</content>
		<option>从无或偶尔</option>
		<option>有时</option>
		<option>经常</option>
		<option>总是如此</option>
	</question>
		<question>
		<number>18</number>
		<content>我的生活很有意义</content>
		<option>从无或偶尔</option>
		<option>有时</option>
		<option>经常</option>
		<option>总是如此</option>
	</question>
		<question>
		<number>19</number>
		<content>假若我死了别人会过得更好</content>
		<option>从无或偶尔</option>
		<option>有时</option>
		<option>经常</option>
		<option>总是如此</option>
	</question>
		<question>
		<number>20</number>
		<content>我仍旧喜欢自己平时喜爱的东西</content>
		<option>从无或偶尔</option>
		<option>有时</option>
		<option>经常</option>
		<option>总是如此</option>
	</question>
</quiz>