﻿<?xml version="1.0" encoding="utf-8"?>
<!DOCTYPE questionnaire SYSTEM "Questionnaire.dtd">

<!--
计分方法[最后需要11个值]：
	1、对所有90道题目求平均值，作为维度1
	2、对用户评分非0（即回答不是“从无”）的题目，求平均值，作为维度2；
	3、剩下的9个维度，根据题目所属的tag求平均值：
		so Somatization 躯体化						[1 4 12 27 40 42 48 49 52 53 56 58]
		oc Obsessive-Compulsive 强迫症状			[3 9 10 28 38 45 46 51 55 65]
		is Interpersonal sensitivity 人际关系敏感	[6 21 34 36 37 41 61 69 73]
		de Depression 抑郁							[5 14 15 20 22 26 29 30 31 32 54 71 79]
		an Anxiety 焦虑								[2 17 23 33 39 57 72 78 80 86]
		ho Hostility 敌对							[11 24 63 67 74 81]
		pa Photic anxiety 恐怖						[13 25 47 50 70 75 82]
		pi Paranoid ideation 偏执					[8 18 43 68 76 83]
		ps Psychoticism 精神病性					[7 16 35 62 77 84 85 87 88 90]
		xx 对于评估无意义，只是插在题目当中占位	[19 44 59 60 64 66 89]
		
		
		
		分析统计指标:
   
   (一)总分：
    1.总分是90个项目所得分之和
    2. 总症状指数 (General Symptomatic Index) ，国内称总均分，是将总分除以90 (=总分/90)
    3. 阳性项目数是指评为1~4 分的项目数，阳性症状痛苦水平 (Positive symptom distress level)是指总分除以阳性项目数(=总分/阳性项目数〉
   
   (二)因子分：
    SCL-90 包括 9 个因子，每一个因子反映出病人的某方面症状痛苦情况，通过因子分可了解症状分布特点
    因子分=组成某一因子的各项目总分/组成某一因子的项目数
   
    9 个因子含义及所包含项目为：
    1.躯体化 (Somatization):包括 1 ，4, 12 , 27 , 40 ，42， 48 , 49 , 52 , 53 , 56 , 58 共 12项，该因子主要反映身体不适感，包括心血管、胃肠道、呼吸和其他系统的主诉不适，和头痛、背痛、肌肉酸痛，以及焦虑的其他躯体表现。
    
	2. 强迫症状 (Obsessive- Compulsive) :包括了 3 ， 9, 10 , 28 , 38 , 45 , 46 , 51 , 55 , 65共 10 项主要指那些明知没有必要，但又无法摆脱的无意义的思想、冲动和行为，还有一些比较一般的认知障碍的行为征象也在这一因子中反映。
   
    3. 人际关系敏感(i nterpersonal sensitivity) :包括 6 ， 21 ， 34 , 36 , 37 , 41 , 61 , 69 , 73共 9 项。主要指某些个人不自在与自卑感，特别是与其他人相比较时更加突出。在人际交往中的自卑感，心神不安，明显不自在，以及人际交流中的自我意识，消极的期待亦是这方面症状的典型原因。
    
	4. 抑郁 (depression) :包括 5 ， 14 ， 15 ， 20 ， 22 ， 26 ， 29 ， 30 ， 31 ， 32 ， 54 ， 71 ， 79 共13 项。苦闷的情感与心境为代表性症状，还以生活兴趣的减退，动力缺乏，活力丧失等为特征。以反映失望，悲观以及与抑郁相联系的认知和躯体方面的感受。另外，还包括有关死亡的思想和自杀观念。
    
	5. 焦虑 (anxiety) :包括 2，17，23，33，39，57，72，78，80，86 共 10 项。一般指那些烦躁，坐立不安，神经过敏，紧张以及由此产生的躯体征象，如震颤等。测定游离不定的焦虑及惊恐发作是本因子的主要内容，还包括一项解体感受的项目。
    
	6. 敌对 (hostility) :包括 11，24，63，67，74，81 共 6 项。主要从三个方面来反映敌对的表现：思想，感情及行为。其项目包括厌烦的感觉，摔物，争论直到不可控制的脾气暴发等各方面。
    
	7. 恐怖 (Photic anxiety): 包括 13，25，47，50，70，75，82 共7项。恐惧的对象包括出门旅行，空旷场地，人群，或公共场所和交通工具。此外，还有反映社交恐怖的一些项目。

	8. 偏执 (Paranoid ideation): 包括 8，18，43，68，76，83 共 6 项。本因子是围绕偏执性思维的基本特征而制订：主要指投射性思维，敌对，猜疑，关系观念，妄想，被动体验和夸大等。

	9. 精神病性 (psychoticism) :包括 7，16，35，62，77，84，85，87，88，90 共 10 项。反映各式各样的急性症状和行为，有代表性地视为较隐讳，限定不严的精神病性过程的指征。
	
	此外，也可以反映精神病性行为的继发征兆和分裂性生活方式的指征。

    此外还有 19，44，59，60，64，66，89 共 7 个项目未归入任何因子，分析时将这 7 项作为附加项目 (additional items) 或其他，作为第10 个因子来处理，以便使各因子分之和等于总分。
-->

<questionnaire>
  <description>										<!-- 问卷总体表述 -->
    <identifier>SCL-90</identifier>					<!-- 问卷唯一标识（id） -->
    <caption>症状自评量表（SCL-90）</caption>		<!-- 问卷名称 -->
    <information>
	问卷内容：
	症状自评量表（SCL-90,Symptom Checklist-90）包括90个项目，包含比较广泛的精神病症状学内容，如思维、情感、行为、人际关系、生活习惯等
	此量表在国外已广泛应用，在国内也已应用于临床研究，特别是精神卫生领域。
	
	评定时间：
	可以评定一个特定的时间，通常是评定一周以来的时间
	
	评定方法：
	分为五级评分（从0~4级），评定方法=分为五级评分(从 0~4 级)，0=从无，1=轻度，2= 中度，3= 相当重，4=严重。有的也用1~5 级，在计算实得总分时，应将所得总分减去90。SCL-90除了自评外，也可以作为医生评定病人症状的一种方法。
	</information>
	
	<interfacetype>inf_SCL90</interfacetype>		<!-- 问卷分数计算的类名 -->
	
    <remarkintroduce> </remarkintroduce>
	
  </description>

<!-- 
	question
	qid：问题唯一标识（id）
	tag：问卷的评判维度
	type：问题的选项类型，【可选】可以为：single | multi | text（单选、多选、文本框）；或者其他自定义选项；在没有type或者不能识别时，默认为单选（single）  
-->
  
<!-- 
	answer
	aid：问题选项的唯一标识（id）
	score：问题选项对应的分数
	type：问题选项对应的选项类型，【可选】可以为：single | multi | text（单选、多选、文本框）；或者其他自定义选项；在没有type或者不能识别时，默认为单选（single）  
-->
  <questions>
	<question qid="q01" tag="so" type="single">
      <title>头痛</title>
      <answer aid="a0" score="0" type="single">从无</answer>
      <answer aid="a1" score="1" type="single">轻度</answer>
	  <answer aid="a2" score="2" type="single">中度</answer>
	  <answer aid="a3" score="3" type="single">偏重</answer>
	  <answer aid="a4" score="4" type="single">重度</answer>
    </question>
  
	<question qid="q02" tag="an" type="single">
      <title>神经过敏，心中不踏实</title>
      <answer aid="a0" score="0" type="single">从无</answer>
      <answer aid="a1" score="1" type="single">轻度</answer>
	  <answer aid="a2" score="2" type="single">中度</answer>
	  <answer aid="a3" score="3" type="single">偏重</answer>
	  <answer aid="a4" score="4" type="single">重度</answer>
    </question>

	<question qid="q03" tag="oc" type="single">
      <title>头脑中有不必要的想法或字句盘旋</title>
      <answer aid="a0" score="0" type="single">从无</answer>
      <answer aid="a1" score="1" type="single">轻度</answer>
	  <answer aid="a2" score="2" type="single">中度</answer>
	  <answer aid="a3" score="3" type="single">偏重</answer>
	  <answer aid="a4" score="4" type="single">重度</answer>
    </question>

	<question qid="q04" tag="so" type="single">
      <title>头晕或昏倒</title>
      <answer aid="a0" score="0" type="single">从无</answer>
      <answer aid="a1" score="1" type="single">轻度</answer>
	  <answer aid="a2" score="2" type="single">中度</answer>
	  <answer aid="a3" score="3" type="single">偏重</answer>
	  <answer aid="a4" score="4" type="single">重度</answer>
    </question>

	<question qid="q05" tag="de" type="single">
      <title>对异性的兴趣减退</title>
      <answer aid="a0" score="0" type="single">从无</answer>
      <answer aid="a1" score="1" type="single">轻度</answer>
	  <answer aid="a2" score="2" type="single">中度</answer>
	  <answer aid="a3" score="3" type="single">偏重</answer>
	  <answer aid="a4" score="4" type="single">重度</answer>
    </question>

	<question qid="q06" tag="is" type="single">
      <title>对旁人责备求全</title>
      <answer aid="a0" score="0" type="single">从无</answer>
      <answer aid="a1" score="1" type="single">轻度</answer>
	  <answer aid="a2" score="2" type="single">中度</answer>
	  <answer aid="a3" score="3" type="single">偏重</answer>
	  <answer aid="a4" score="4" type="single">重度</answer>
    </question>

	<question qid="q07" tag="ps" type="single">
      <title>感到别人能控制您的思想</title>
      <answer aid="a0" score="0" type="single">从无</answer>
      <answer aid="a1" score="1" type="single">轻度</answer>
	  <answer aid="a2" score="2" type="single">中度</answer>
	  <answer aid="a3" score="3" type="single">偏重</answer>
	  <answer aid="a4" score="4" type="single">重度</answer>
    </question>

	<question qid="q08" tag="pi" type="single">
      <title>责怪别人制造麻烦</title>
      <answer aid="a0" score="0" type="single">从无</answer>
      <answer aid="a1" score="1" type="single">轻度</answer>
	  <answer aid="a2" score="2" type="single">中度</answer>
	  <answer aid="a3" score="3" type="single">偏重</answer>
	  <answer aid="a4" score="4" type="single">重度</answer>
    </question>

	<question qid="q09" tag="oc" type="single">
      <title>忘性大</title>
      <answer aid="a0" score="0" type="single">从无</answer>
      <answer aid="a1" score="1" type="single">轻度</answer>
	  <answer aid="a2" score="2" type="single">中度</answer>
	  <answer aid="a3" score="3" type="single">偏重</answer>
	  <answer aid="a4" score="4" type="single">重度</answer>
    </question>

	<question qid="q10" tag="oc" type="single">
      <title>担心自己的衣饰整齐及仪态的端庄</title>
      <answer aid="a0" score="0" type="single">从无</answer>
      <answer aid="a1" score="1" type="single">轻度</answer>
	  <answer aid="a2" score="2" type="single">中度</answer>
	  <answer aid="a3" score="3" type="single">偏重</answer>
	  <answer aid="a4" score="4" type="single">重度</answer>
    </question>

	<question qid="q11" tag="ho" type="single">
      <title>容易烦恼和激动</title>
      <answer aid="a0" score="0" type="single">从无</answer>
      <answer aid="a1" score="1" type="single">轻度</answer>
	  <answer aid="a2" score="2" type="single">中度</answer>
	  <answer aid="a3" score="3" type="single">偏重</answer>
	  <answer aid="a4" score="4" type="single">重度</answer>
    </question>

	<question qid="q12" tag="so" type="single">
      <title>胸痛</title>
      <answer aid="a0" score="0" type="single">从无</answer>
      <answer aid="a1" score="1" type="single">轻度</answer>
	  <answer aid="a2" score="2" type="single">中度</answer>
	  <answer aid="a3" score="3" type="single">偏重</answer>
	  <answer aid="a4" score="4" type="single">重度</answer>
    </question>

	<question qid="q13" tag="pa" type="single">
      <title>害怕空旷的场所或街道</title>
      <answer aid="a0" score="0" type="single">从无</answer>
      <answer aid="a1" score="1" type="single">轻度</answer>
	  <answer aid="a2" score="2" type="single">中度</answer>
	  <answer aid="a3" score="3" type="single">偏重</answer>
	  <answer aid="a4" score="4" type="single">重度</answer>
    </question>

	<question qid="q14" tag="de" type="single">
      <title>感到自己精力下降，活动减慢</title>
      <answer aid="a0" score="0" type="single">从无</answer>
      <answer aid="a1" score="1" type="single">轻度</answer>
	  <answer aid="a2" score="2" type="single">中度</answer>
	  <answer aid="a3" score="3" type="single">偏重</answer>
	  <answer aid="a4" score="4" type="single">重度</answer>
    </question>

	<question qid="q15" tag="de" type="single">
      <title>想结束自己的生命</title>
      <answer aid="a0" score="0" type="single">从无</answer>
      <answer aid="a1" score="1" type="single">轻度</answer>
	  <answer aid="a2" score="2" type="single">中度</answer>
	  <answer aid="a3" score="3" type="single">偏重</answer>
	  <answer aid="a4" score="4" type="single">重度</answer>
    </question>

	<question qid="q16" tag="ps" type="single">
      <title>听到旁人听不到的声音</title>
      <answer aid="a0" score="0" type="single">从无</answer>
      <answer aid="a1" score="1" type="single">轻度</answer>
	  <answer aid="a2" score="2" type="single">中度</answer>
	  <answer aid="a3" score="3" type="single">偏重</answer>
	  <answer aid="a4" score="4" type="single">重度</answer>
    </question>

	<question qid="q17" tag="an" type="single">
      <title>发抖</title>
      <answer aid="a0" score="0" type="single">从无</answer>
      <answer aid="a1" score="1" type="single">轻度</answer>
	  <answer aid="a2" score="2" type="single">中度</answer>
	  <answer aid="a3" score="3" type="single">偏重</answer>
	  <answer aid="a4" score="4" type="single">重度</answer>
    </question>

	<question qid="q18" tag="pi" type="single">
      <title>感到大多数人都不可信任</title>
      <answer aid="a0" score="0" type="single">从无</answer>
      <answer aid="a1" score="1" type="single">轻度</answer>
	  <answer aid="a2" score="2" type="single">中度</answer>
	  <answer aid="a3" score="3" type="single">偏重</answer>
	  <answer aid="a4" score="4" type="single">重度</answer>
    </question>

	<question qid="q19" tag="xx" type="single">
      <title>胃口不好</title>
      <answer aid="a0" score="0" type="single">从无</answer>
      <answer aid="a1" score="1" type="single">轻度</answer>
	  <answer aid="a2" score="2" type="single">中度</answer>
	  <answer aid="a3" score="3" type="single">偏重</answer>
	  <answer aid="a4" score="4" type="single">重度</answer>
    </question>

	<question qid="q20" tag="de" type="single">
      <title>容易哭泣</title>
      <answer aid="a0" score="0" type="single">从无</answer>
      <answer aid="a1" score="1" type="single">轻度</answer>
	  <answer aid="a2" score="2" type="single">中度</answer>
	  <answer aid="a3" score="3" type="single">偏重</answer>
	  <answer aid="a4" score="4" type="single">重度</answer>
    </question>

	<question qid="q21" tag="is" type="single">
      <title>同异性相处时感到害羞不自在</title>
      <answer aid="a0" score="0" type="single">从无</answer>
      <answer aid="a1" score="1" type="single">轻度</answer>
	  <answer aid="a2" score="2" type="single">中度</answer>
	  <answer aid="a3" score="3" type="single">偏重</answer>
	  <answer aid="a4" score="4" type="single">重度</answer>
    </question>

	<question qid="q22" tag="de" type="single">
      <title>感到受骗，中了圈套或有人想抓住您</title>
      <answer aid="a0" score="0" type="single">从无</answer>
      <answer aid="a1" score="1" type="single">轻度</answer>
	  <answer aid="a2" score="2" type="single">中度</answer>
	  <answer aid="a3" score="3" type="single">偏重</answer>
	  <answer aid="a4" score="4" type="single">重度</answer>
    </question>

	<question qid="q23" tag="an" type="single">
      <title>无缘无故地突然感到害怕</title>
      <answer aid="a0" score="0" type="single">从无</answer>
      <answer aid="a1" score="1" type="single">轻度</answer>
	  <answer aid="a2" score="2" type="single">中度</answer>
	  <answer aid="a3" score="3" type="single">偏重</answer>
	  <answer aid="a4" score="4" type="single">重度</answer>
    </question>

	<question qid="q24" tag="ho" type="single">
      <title>自己不能控制地大发脾气</title>
      <answer aid="a0" score="0" type="single">从无</answer>
      <answer aid="a1" score="1" type="single">轻度</answer>
	  <answer aid="a2" score="2" type="single">中度</answer>
	  <answer aid="a3" score="3" type="single">偏重</answer>
	  <answer aid="a4" score="4" type="single">重度</answer>
    </question>

	<question qid="q25" tag="pa" type="single">
      <title>怕单独出门</title>
      <answer aid="a0" score="0" type="single">从无</answer>
      <answer aid="a1" score="1" type="single">轻度</answer>
	  <answer aid="a2" score="2" type="single">中度</answer>
	  <answer aid="a3" score="3" type="single">偏重</answer>
	  <answer aid="a4" score="4" type="single">重度</answer>
    </question>

	<question qid="q26" tag="de" type="single">
      <title>经常责怪自己</title>
      <answer aid="a0" score="0" type="single">从无</answer>
      <answer aid="a1" score="1" type="single">轻度</answer>
	  <answer aid="a2" score="2" type="single">中度</answer>
	  <answer aid="a3" score="3" type="single">偏重</answer>
	  <answer aid="a4" score="4" type="single">重度</answer>
    </question>

	<question qid="q27" tag="so" type="single">
      <title>腰痛</title>
      <answer aid="a0" score="0" type="single">从无</answer>
      <answer aid="a1" score="1" type="single">轻度</answer>
	  <answer aid="a2" score="2" type="single">中度</answer>
	  <answer aid="a3" score="3" type="single">偏重</answer>
	  <answer aid="a4" score="4" type="single">重度</answer>
    </question>

	<question qid="q28" tag="oc" type="single">
      <title>感到难以完成任务</title>
      <answer aid="a0" score="0" type="single">从无</answer>
      <answer aid="a1" score="1" type="single">轻度</answer>
	  <answer aid="a2" score="2" type="single">中度</answer>
	  <answer aid="a3" score="3" type="single">偏重</answer>
	  <answer aid="a4" score="4" type="single">重度</answer>
    </question>

	<question qid="q29" tag="de" type="single">
      <title>感到孤独</title>
      <answer aid="a0" score="0" type="single">从无</answer>
      <answer aid="a1" score="1" type="single">轻度</answer>
	  <answer aid="a2" score="2" type="single">中度</answer>
	  <answer aid="a3" score="3" type="single">偏重</answer>
	  <answer aid="a4" score="4" type="single">重度</answer>
    </question>

	<question qid="q30" tag="de" type="single">
      <title>感到苦闷</title>
      <answer aid="a0" score="0" type="single">从无</answer>
      <answer aid="a1" score="1" type="single">轻度</answer>
	  <answer aid="a2" score="2" type="single">中度</answer>
	  <answer aid="a3" score="3" type="single">偏重</answer>
	  <answer aid="a4" score="4" type="single">重度</answer>
    </question>

	<question qid="q31" tag="de" type="single">
      <title>过分担忧</title>
      <answer aid="a0" score="0" type="single">从无</answer>
      <answer aid="a1" score="1" type="single">轻度</answer>
	  <answer aid="a2" score="2" type="single">中度</answer>
	  <answer aid="a3" score="3" type="single">偏重</answer>
	  <answer aid="a4" score="4" type="single">重度</answer>
    </question>

	<question qid="q32" tag="de" type="single">
      <title>对事物不感兴趣</title>
      <answer aid="a0" score="0" type="single">从无</answer>
      <answer aid="a1" score="1" type="single">轻度</answer>
	  <answer aid="a2" score="2" type="single">中度</answer>
	  <answer aid="a3" score="3" type="single">偏重</answer>
	  <answer aid="a4" score="4" type="single">重度</answer>
    </question>

	<question qid="q33" tag="an" type="single">
      <title>感到害怕</title>
      <answer aid="a0" score="0" type="single">从无</answer>
      <answer aid="a1" score="1" type="single">轻度</answer>
	  <answer aid="a2" score="2" type="single">中度</answer>
	  <answer aid="a3" score="3" type="single">偏重</answer>
	  <answer aid="a4" score="4" type="single">重度</answer>
    </question>

	<question qid="q34" tag="is" type="single">
      <title>您的感情容易受到伤害</title>
      <answer aid="a0" score="0" type="single">从无</answer>
      <answer aid="a1" score="1" type="single">轻度</answer>
	  <answer aid="a2" score="2" type="single">中度</answer>
	  <answer aid="a3" score="3" type="single">偏重</answer>
	  <answer aid="a4" score="4" type="single">重度</answer>
    </question>

	<question qid="q35" tag="ps" type="single">
      <title>旁人能知道您的私下想法</title>
      <answer aid="a0" score="0" type="single">从无</answer>
      <answer aid="a1" score="1" type="single">轻度</answer>
	  <answer aid="a2" score="2" type="single">中度</answer>
	  <answer aid="a3" score="3" type="single">偏重</answer>
	  <answer aid="a4" score="4" type="single">重度</answer>
    </question>

	<question qid="q36" tag="is" type="single">
      <title>感到别人不理解您、不同情您</title>
      <answer aid="a0" score="0" type="single">从无</answer>
      <answer aid="a1" score="1" type="single">轻度</answer>
	  <answer aid="a2" score="2" type="single">中度</answer>
	  <answer aid="a3" score="3" type="single">偏重</answer>
	  <answer aid="a4" score="4" type="single">重度</answer>
    </question>

	<question qid="q37" tag="is" type="single">
      <title>感到人们对您不友好，不喜欢您</title>
      <answer aid="a0" score="0" type="single">从无</answer>
      <answer aid="a1" score="1" type="single">轻度</answer>
	  <answer aid="a2" score="2" type="single">中度</answer>
	  <answer aid="a3" score="3" type="single">偏重</answer>
	  <answer aid="a4" score="4" type="single">重度</answer>
    </question>

	<question qid="q38" tag="oc" type="single">
      <title>做事必须做得很慢以保证做得正确</title>
      <answer aid="a0" score="0" type="single">从无</answer>
      <answer aid="a1" score="1" type="single">轻度</answer>
	  <answer aid="a2" score="2" type="single">中度</answer>
	  <answer aid="a3" score="3" type="single">偏重</answer>
	  <answer aid="a4" score="4" type="single">重度</answer>
    </question>

	<question qid="q39" tag="an" type="single">
      <title>心跳得很厉害</title>
      <answer aid="a0" score="0" type="single">从无</answer>
      <answer aid="a1" score="1" type="single">轻度</answer>
	  <answer aid="a2" score="2" type="single">中度</answer>
	  <answer aid="a3" score="3" type="single">偏重</answer>
	  <answer aid="a4" score="4" type="single">重度</answer>
    </question>

	<question qid="q40" tag="so" type="single">
      <title>恶心或胃部不舒服</title>
      <answer aid="a0" score="0" type="single">从无</answer>
      <answer aid="a1" score="1" type="single">轻度</answer>
	  <answer aid="a2" score="2" type="single">中度</answer>
	  <answer aid="a3" score="3" type="single">偏重</answer>
	  <answer aid="a4" score="4" type="single">重度</answer>
    </question>

	<question qid="q41" tag="is" type="single">
      <title>感到比不上别人</title>
      <answer aid="a0" score="0" type="single">从无</answer>
      <answer aid="a1" score="1" type="single">轻度</answer>
	  <answer aid="a2" score="2" type="single">中度</answer>
	  <answer aid="a3" score="3" type="single">偏重</answer>
	  <answer aid="a4" score="4" type="single">重度</answer>
    </question>

	<question qid="q42" tag="so" type="single">
      <title>肌肉酸痛</title>
      <answer aid="a0" score="0" type="single">从无</answer>
      <answer aid="a1" score="1" type="single">轻度</answer>
	  <answer aid="a2" score="2" type="single">中度</answer>
	  <answer aid="a3" score="3" type="single">偏重</answer>
	  <answer aid="a4" score="4" type="single">重度</answer>
    </question>

	<question qid="q43" tag="pi" type="single">
      <title>感到有人在监视您、谈论您</title>
      <answer aid="a0" score="0" type="single">从无</answer>
      <answer aid="a1" score="1" type="single">轻度</answer>
	  <answer aid="a2" score="2" type="single">中度</answer>
	  <answer aid="a3" score="3" type="single">偏重</answer>
	  <answer aid="a4" score="4" type="single">重度</answer>
    </question>

	<question qid="q44" tag="xx" type="single">
      <title>难以入睡</title>
      <answer aid="a0" score="0" type="single">从无</answer>
      <answer aid="a1" score="1" type="single">轻度</answer>
	  <answer aid="a2" score="2" type="single">中度</answer>
	  <answer aid="a3" score="3" type="single">偏重</answer>
	  <answer aid="a4" score="4" type="single">重度</answer>
    </question>

	<question qid="q45" tag="oc" type="single">
      <title>做事必须反复检查</title>
      <answer aid="a0" score="0" type="single">从无</answer>
      <answer aid="a1" score="1" type="single">轻度</answer>
	  <answer aid="a2" score="2" type="single">中度</answer>
	  <answer aid="a3" score="3" type="single">偏重</answer>
	  <answer aid="a4" score="4" type="single">重度</answer>
    </question>

	<question qid="q46" tag="oc" type="single">
      <title>难以作出决定</title>
      <answer aid="a0" score="0" type="single">从无</answer>
      <answer aid="a1" score="1" type="single">轻度</answer>
	  <answer aid="a2" score="2" type="single">中度</answer>
	  <answer aid="a3" score="3" type="single">偏重</answer>
	  <answer aid="a4" score="4" type="single">重度</answer>
    </question>

	<question qid="q47" tag="pa" type="single">
      <title>怕乘电车、公共汽车、地铁或火车</title>
      <answer aid="a0" score="0" type="single">从无</answer>
      <answer aid="a1" score="1" type="single">轻度</answer>
	  <answer aid="a2" score="2" type="single">中度</answer>
	  <answer aid="a3" score="3" type="single">偏重</answer>
	  <answer aid="a4" score="4" type="single">重度</answer>
    </question>

	<question qid="q48" tag="so" type="single">
      <title>呼吸有困难</title>
      <answer aid="a0" score="0" type="single">从无</answer>
      <answer aid="a1" score="1" type="single">轻度</answer>
	  <answer aid="a2" score="2" type="single">中度</answer>
	  <answer aid="a3" score="3" type="single">偏重</answer>
	  <answer aid="a4" score="4" type="single">重度</answer>
    </question>

	<question qid="q49" tag="so" type="single">
      <title>一阵阵发冷或发热</title>
      <answer aid="a0" score="0" type="single">从无</answer>
      <answer aid="a1" score="1" type="single">轻度</answer>
	  <answer aid="a2" score="2" type="single">中度</answer>
	  <answer aid="a3" score="3" type="single">偏重</answer>
	  <answer aid="a4" score="4" type="single">重度</answer>
    </question>

	<question qid="q50" tag="pa" type="single">
      <title>因为感到害怕而避开某些东西、场合或活动</title>
      <answer aid="a0" score="0" type="single">从无</answer>
      <answer aid="a1" score="1" type="single">轻度</answer>
	  <answer aid="a2" score="2" type="single">中度</answer>
	  <answer aid="a3" score="3" type="single">偏重</answer>
	  <answer aid="a4" score="4" type="single">重度</answer>
    </question>

	<question qid="q51" tag="oc" type="single">
      <title>脑子变空了</title>
      <answer aid="a0" score="0" type="single">从无</answer>
      <answer aid="a1" score="1" type="single">轻度</answer>
	  <answer aid="a2" score="2" type="single">中度</answer>
	  <answer aid="a3" score="3" type="single">偏重</answer>
	  <answer aid="a4" score="4" type="single">重度</answer>
    </question>

	<question qid="q52" tag="so" type="single">
      <title>身体发麻或刺痛</title>
      <answer aid="a0" score="0" type="single">从无</answer>
      <answer aid="a1" score="1" type="single">轻度</answer>
	  <answer aid="a2" score="2" type="single">中度</answer>
	  <answer aid="a3" score="3" type="single">偏重</answer>
	  <answer aid="a4" score="4" type="single">重度</answer>
    </question>

	<question qid="q53" tag="so" type="single">
      <title>喉咙有梗塞感</title>
      <answer aid="a0" score="0" type="single">从无</answer>
      <answer aid="a1" score="1" type="single">轻度</answer>
	  <answer aid="a2" score="2" type="single">中度</answer>
	  <answer aid="a3" score="3" type="single">偏重</answer>
	  <answer aid="a4" score="4" type="single">重度</answer>
    </question>

	<question qid="q54" tag="de" type="single">
      <title>感到前途没有希望</title>
      <answer aid="a0" score="0" type="single">从无</answer>
      <answer aid="a1" score="1" type="single">轻度</answer>
	  <answer aid="a2" score="2" type="single">中度</answer>
	  <answer aid="a3" score="3" type="single">偏重</answer>
	  <answer aid="a4" score="4" type="single">重度</answer>
    </question>

	<question qid="q55" tag="oc" type="single">
      <title>不能集中注意</title>
      <answer aid="a0" score="0" type="single">从无</answer>
      <answer aid="a1" score="1" type="single">轻度</answer>
	  <answer aid="a2" score="2" type="single">中度</answer>
	  <answer aid="a3" score="3" type="single">偏重</answer>
	  <answer aid="a4" score="4" type="single">重度</answer>
    </question>

	<question qid="q56" tag="so" type="single">
      <title>感到身体的某一部分软弱无力</title>
      <answer aid="a0" score="0" type="single">从无</answer>
      <answer aid="a1" score="1" type="single">轻度</answer>
	  <answer aid="a2" score="2" type="single">中度</answer>
	  <answer aid="a3" score="3" type="single">偏重</answer>
	  <answer aid="a4" score="4" type="single">重度</answer>
    </question>

	<question qid="q57" tag="an" type="single">
      <title>感到紧张或容易紧张</title>
      <answer aid="a0" score="0" type="single">从无</answer>
      <answer aid="a1" score="1" type="single">轻度</answer>
	  <answer aid="a2" score="2" type="single">中度</answer>
	  <answer aid="a3" score="3" type="single">偏重</answer>
	  <answer aid="a4" score="4" type="single">重度</answer>
    </question>

	<question qid="q58" tag="so" type="single">
      <title>感到手或脚发重</title>
      <answer aid="a0" score="0" type="single">从无</answer>
      <answer aid="a1" score="1" type="single">轻度</answer>
	  <answer aid="a2" score="2" type="single">中度</answer>
	  <answer aid="a3" score="3" type="single">偏重</answer>
	  <answer aid="a4" score="4" type="single">重度</answer>
    </question>

	<question qid="q59" tag="xx" type="single">
      <title>感到死亡的事</title>
      <answer aid="a0" score="0" type="single">从无</answer>
      <answer aid="a1" score="1" type="single">轻度</answer>
	  <answer aid="a2" score="2" type="single">中度</answer>
	  <answer aid="a3" score="3" type="single">偏重</answer>
	  <answer aid="a4" score="4" type="single">重度</answer>
    </question>

	<question qid="q60" tag="xx" type="single">
      <title>吃得太多</title>
      <answer aid="a0" score="0" type="single">从无</answer>
      <answer aid="a1" score="1" type="single">轻度</answer>
	  <answer aid="a2" score="2" type="single">中度</answer>
	  <answer aid="a3" score="3" type="single">偏重</answer>
	  <answer aid="a4" score="4" type="single">重度</answer>
    </question>

	<question qid="q61" tag="is" type="single">
      <title>当别人看着您或谈论您时感到不自在</title>
      <answer aid="a0" score="0" type="single">从无</answer>
      <answer aid="a1" score="1" type="single">轻度</answer>
	  <answer aid="a2" score="2" type="single">中度</answer>
	  <answer aid="a3" score="3" type="single">偏重</answer>
	  <answer aid="a4" score="4" type="single">重度</answer>
    </question>

	<question qid="q62" tag="ps" type="single">
      <title>有一些不属于您自己的想法</title>
      <answer aid="a0" score="0" type="single">从无</answer>
      <answer aid="a1" score="1" type="single">轻度</answer>
	  <answer aid="a2" score="2" type="single">中度</answer>
	  <answer aid="a3" score="3" type="single">偏重</answer>
	  <answer aid="a4" score="4" type="single">重度</answer>
    </question>

	<question qid="q63" tag="ho" type="single">
      <title>有想打人或伤害他人的冲动</title>
      <answer aid="a0" score="0" type="single">从无</answer>
      <answer aid="a1" score="1" type="single">轻度</answer>
	  <answer aid="a2" score="2" type="single">中度</answer>
	  <answer aid="a3" score="3" type="single">偏重</answer>
	  <answer aid="a4" score="4" type="single">重度</answer>
    </question>

	<question qid="q64" tag="xx" type="single">
      <title>醒得太早</title>
      <answer aid="a0" score="0" type="single">从无</answer>
      <answer aid="a1" score="1" type="single">轻度</answer>
	  <answer aid="a2" score="2" type="single">中度</answer>
	  <answer aid="a3" score="3" type="single">偏重</answer>
	  <answer aid="a4" score="4" type="single">重度</answer>
    </question>

	<question qid="q65" tag="oc" type="single">
      <title>必须反复洗手、点数</title>
      <answer aid="a0" score="0" type="single">从无</answer>
      <answer aid="a1" score="1" type="single">轻度</answer>
	  <answer aid="a2" score="2" type="single">中度</answer>
	  <answer aid="a3" score="3" type="single">偏重</answer>
	  <answer aid="a4" score="4" type="single">重度</answer>
    </question>

	<question qid="q66" tag="xx" type="single">
      <title>睡得不稳不深</title>
      <answer aid="a0" score="0" type="single">从无</answer>
      <answer aid="a1" score="1" type="single">轻度</answer>
	  <answer aid="a2" score="2" type="single">中度</answer>
	  <answer aid="a3" score="3" type="single">偏重</answer>
	  <answer aid="a4" score="4" type="single">重度</answer>
    </question>

	<question qid="q67" tag="ho" type="single">
      <title>有想摔坏或破坏东西的想法</title>
      <answer aid="a0" score="0" type="single">从无</answer>
      <answer aid="a1" score="1" type="single">轻度</answer>
	  <answer aid="a2" score="2" type="single">中度</answer>
	  <answer aid="a3" score="3" type="single">偏重</answer>
	  <answer aid="a4" score="4" type="single">重度</answer>
    </question>

	<question qid="q68" tag="pi" type="single">
      <title>有一些别人没有的想法</title>
      <answer aid="a0" score="0" type="single">从无</answer>
      <answer aid="a1" score="1" type="single">轻度</answer>
	  <answer aid="a2" score="2" type="single">中度</answer>
	  <answer aid="a3" score="3" type="single">偏重</answer>
	  <answer aid="a4" score="4" type="single">重度</answer>
    </question>

	<question qid="q69" tag="is" type="single">
      <title>感到对别人神经过敏</title>
      <answer aid="a0" score="0" type="single">从无</answer>
      <answer aid="a1" score="1" type="single">轻度</answer>
	  <answer aid="a2" score="2" type="single">中度</answer>
	  <answer aid="a3" score="3" type="single">偏重</answer>
	  <answer aid="a4" score="4" type="single">重度</answer>
    </question>

	<question qid="q70" tag="pa" type="single">
      <title>在商场或电影院等人多的地方感到不自在</title>
      <answer aid="a0" score="0" type="single">从无</answer>
      <answer aid="a1" score="1" type="single">轻度</answer>
	  <answer aid="a2" score="2" type="single">中度</answer>
	  <answer aid="a3" score="3" type="single">偏重</answer>
	  <answer aid="a4" score="4" type="single">重度</answer>
    </question>

	<question qid="q71" tag="de" type="single">
      <title>感到任何事情都很困难</title>
      <answer aid="a0" score="0" type="single">从无</answer>
      <answer aid="a1" score="1" type="single">轻度</answer>
	  <answer aid="a2" score="2" type="single">中度</answer>
	  <answer aid="a3" score="3" type="single">偏重</answer>
	  <answer aid="a4" score="4" type="single">重度</answer>
    </question>

	<question qid="q72" tag="an" type="single">
      <title>一阵阵恐惧或惊恐</title>
      <answer aid="a0" score="0" type="single">从无</answer>
      <answer aid="a1" score="1" type="single">轻度</answer>
	  <answer aid="a2" score="2" type="single">中度</answer>
	  <answer aid="a3" score="3" type="single">偏重</answer>
	  <answer aid="a4" score="4" type="single">重度</answer>
    </question>

	<question qid="q73" tag="is" type="single">
      <title>感到公共场合吃东西很不舒服</title>
      <answer aid="a0" score="0" type="single">从无</answer>
      <answer aid="a1" score="1" type="single">轻度</answer>
	  <answer aid="a2" score="2" type="single">中度</answer>
	  <answer aid="a3" score="3" type="single">偏重</answer>
	  <answer aid="a4" score="4" type="single">重度</answer>
    </question>

	<question qid="q74" tag="ho" type="single">
      <title>经常与人争论</title>
      <answer aid="a0" score="0" type="single">从无</answer>
      <answer aid="a1" score="1" type="single">轻度</answer>
	  <answer aid="a2" score="2" type="single">中度</answer>
	  <answer aid="a3" score="3" type="single">偏重</answer>
	  <answer aid="a4" score="4" type="single">重度</answer>
    </question>

	<question qid="q75" tag="pa" type="single">
      <title>单独一人时神经很紧张</title>
      <answer aid="a0" score="0" type="single">从无</answer>
      <answer aid="a1" score="1" type="single">轻度</answer>
	  <answer aid="a2" score="2" type="single">中度</answer>
	  <answer aid="a3" score="3" type="single">偏重</answer>
	  <answer aid="a4" score="4" type="single">重度</answer>
    </question>

	<question qid="q76" tag="pi" type="single">
      <title>别人对您的成绩没有作出恰当的评论</title>
      <answer aid="a0" score="0" type="single">从无</answer>
      <answer aid="a1" score="1" type="single">轻度</answer>
	  <answer aid="a2" score="2" type="single">中度</answer>
	  <answer aid="a3" score="3" type="single">偏重</answer>
	  <answer aid="a4" score="4" type="single">重度</answer>
    </question>

	<question qid="q77" tag="ps" type="single">
      <title>即使和别人在一起也感到孤单</title>
      <answer aid="a0" score="0" type="single">从无</answer>
      <answer aid="a1" score="1" type="single">轻度</answer>
	  <answer aid="a2" score="2" type="single">中度</answer>
	  <answer aid="a3" score="3" type="single">偏重</answer>
	  <answer aid="a4" score="4" type="single">重度</answer>
    </question>

	<question qid="q78" tag="an" type="single">
      <title>感到坐立不安心神不定</title>
      <answer aid="a0" score="0" type="single">从无</answer>
      <answer aid="a1" score="1" type="single">轻度</answer>
	  <answer aid="a2" score="2" type="single">中度</answer>
	  <answer aid="a3" score="3" type="single">偏重</answer>
	  <answer aid="a4" score="4" type="single">重度</answer>
    </question>

	<question qid="q79" tag="de" type="single">
      <title>感到自己没有什么价值</title>
      <answer aid="a0" score="0" type="single">从无</answer>
      <answer aid="a1" score="1" type="single">轻度</answer>
	  <answer aid="a2" score="2" type="single">中度</answer>
	  <answer aid="a3" score="3" type="single">偏重</answer>
	  <answer aid="a4" score="4" type="single">重度</answer>
    </question>

	<question qid="q80" tag="an" type="single">
      <title>感到熟悉的东西变陌生或不象是真的</title>
      <answer aid="a0" score="0" type="single">从无</answer>
      <answer aid="a1" score="1" type="single">轻度</answer>
	  <answer aid="a2" score="2" type="single">中度</answer>
	  <answer aid="a3" score="3" type="single">偏重</answer>
	  <answer aid="a4" score="4" type="single">重度</answer>
    </question>

	<question qid="q81" tag="ho" type="single">
      <title>大叫或摔东西</title>
      <answer aid="a0" score="0" type="single">从无</answer>
      <answer aid="a1" score="1" type="single">轻度</answer>
	  <answer aid="a2" score="2" type="single">中度</answer>
	  <answer aid="a3" score="3" type="single">偏重</answer>
	  <answer aid="a4" score="4" type="single">重度</answer>
    </question>

	<question qid="q82" tag="pa" type="single">
      <title>害怕会在公共场合昏倒</title>
      <answer aid="a0" score="0" type="single">从无</answer>
      <answer aid="a1" score="1" type="single">轻度</answer>
	  <answer aid="a2" score="2" type="single">中度</answer>
	  <answer aid="a3" score="3" type="single">偏重</answer>
	  <answer aid="a4" score="4" type="single">重度</answer>
    </question>

	<question qid="q83" tag="pi" type="single">
      <title>感到别人想占您的便宜</title>
      <answer aid="a0" score="0" type="single">从无</answer>
      <answer aid="a1" score="1" type="single">轻度</answer>
	  <answer aid="a2" score="2" type="single">中度</answer>
	  <answer aid="a3" score="3" type="single">偏重</answer>
	  <answer aid="a4" score="4" type="single">重度</answer>
    </question>

	<question qid="q84" tag="ps" type="single">
      <title>为一些有关“性”的想法而很苦恼</title>
      <answer aid="a0" score="0" type="single">从无</answer>
      <answer aid="a1" score="1" type="single">轻度</answer>
	  <answer aid="a2" score="2" type="single">中度</answer>
	  <answer aid="a3" score="3" type="single">偏重</answer>
	  <answer aid="a4" score="4" type="single">重度</answer>
    </question>

	<question qid="q85" tag="ps" type="single">
      <title>您认为应该因为自己的过错而受到惩罚</title>
      <answer aid="a0" score="0" type="single">从无</answer>
      <answer aid="a1" score="1" type="single">轻度</answer>
	  <answer aid="a2" score="2" type="single">中度</answer>
	  <answer aid="a3" score="3" type="single">偏重</answer>
	  <answer aid="a4" score="4" type="single">重度</answer>
    </question>

	<question qid="q86" tag="an" type="single">
      <title>感到要赶快把事情做完</title>
      <answer aid="a0" score="0" type="single">从无</answer>
      <answer aid="a1" score="1" type="single">轻度</answer>
	  <answer aid="a2" score="2" type="single">中度</answer>
	  <answer aid="a3" score="3" type="single">偏重</answer>
	  <answer aid="a4" score="4" type="single">重度</answer>
    </question>

	<question qid="q87" tag="ps" type="single">
      <title>感到自己的身体有严重问题</title>
      <answer aid="a0" score="0" type="single">从无</answer>
      <answer aid="a1" score="1" type="single">轻度</answer>
	  <answer aid="a2" score="2" type="single">中度</answer>
	  <answer aid="a3" score="3" type="single">偏重</answer>
	  <answer aid="a4" score="4" type="single">重度</answer>
    </question>

	<question qid="q88" tag="ps" type="single">
      <title>从未感到和其他人亲近</title>
      <answer aid="a0" score="0" type="single">从无</answer>
      <answer aid="a1" score="1" type="single">轻度</answer>
	  <answer aid="a2" score="2" type="single">中度</answer>
	  <answer aid="a3" score="3" type="single">偏重</answer>
	  <answer aid="a4" score="4" type="single">重度</answer>
    </question>

	<question qid="q89" tag="xx" type="single">
      <title>感到自己有罪</title>
      <answer aid="a0" score="0" type="single">从无</answer>
      <answer aid="a1" score="1" type="single">轻度</answer>
	  <answer aid="a2" score="2" type="single">中度</answer>
	  <answer aid="a3" score="3" type="single">偏重</answer>
	  <answer aid="a4" score="4" type="single">重度</answer>
    </question>

	<question qid="q90" tag="ps" type="single">
      <title>感到自己的脑子有毛病</title>
      <answer aid="a0" score="0" type="single">从无</answer>
      <answer aid="a1" score="1" type="single">轻度</answer>
	  <answer aid="a2" score="2" type="single">中度</answer>
	  <answer aid="a3" score="3" type="single">偏重</answer>
	  <answer aid="a4" score="4" type="single">重度</answer>
    </question>

  </questions>

<!-- 
	tag
	name：问卷的评判维度
	label:问卷的评判维度的名称
	text:问卷的评判维度的说明
-->
  <tags>
	<tag name="so" label="躯体化">
		躯体化 (Somatization):该因子主要反映身体不适感，包括心血管、胃肠道、呼吸和其他系统的主诉不适，和头痛、背痛、肌肉酸痛，以及焦虑的其他躯体表现。
	</tag>
	<tag name="oc" label="强迫症">
		强迫症状 (Obsessive-Compulsive):主要指那些明知没有必要，但又无法摆脱的无意义的思想、冲动和行为，还有一些比较一般的认知障碍的行为征象也在这一因子中反映。
	</tag>
	<tag name="is" label="人际关系敏感">
		人际关系敏感(i nterpersonal sensitivity) : 主要指某些个人不自在与自卑感，特别是与其他人相比较时更加突出。在人际交往中的自卑感，心神不安，明显不自在，以及人际交流中的自我意识，消极的期待亦是这方面症状的典型原因。
	</tag>
	<tag name="de" label="抑郁">
		抑郁 (depression) :苦闷的情感与心境为代表性症状，还以生活兴趣的减退，动力缺乏，活力丧失等为特征。以反映失望，悲观以及与抑郁相联系的认知和躯体方面的感受。另外，还包括有关死亡的思想和自杀观念。
	</tag>
	<tag name="an" label="焦虑">
		焦虑 (anxiety) :一般指那些烦躁，坐立不安，神经过敏，紧张以及由此产生的躯体征象，如震颤等。测定游离不定的焦虑及惊恐发作是本因子的主要内容，还包括一项解体感受的项目。
	</tag>
	<tag name="ho" label="敌对">
		敌对 (hostility) :主要从三个方面来反映敌对的表现：思想，感情及行为。其项目包括厌烦的感觉，摔物，争论直到不可控制的脾气暴发等各方面。
	</tag>
	<tag name="pa" label="恐怖">
		恐怖 (Photic anxiety): 恐惧的对象包括出门旅行，空旷场地，人群，或公共场所和交通工具。此外，还有反映社交恐怖的一些项目。
	</tag>
	<tag name="pi" label="偏执">
		偏执 (Paranoid ideation): 本因子是围绕偏执性思维的基本特征而制订：主要指投射性思维，敌对，猜疑，关系观念，妄想，被动体验和夸大等。
	</tag>
	<tag name="ps" label="精神病性">
		精神病性 (psychoticism) :反映各式各样的急性症状和行为，有代表性地视为较隐讳，限定不严的精神病性过程的指征。此外，也可以反映精神病性行为的继发征兆和分裂性生活方式的指征。
	</tag>
	<tag name="xx" label="其它">
		xx：其它，分析时将这 7 项作为附加项目 (additional items) 或其他，作为第10 个因子来处理，以便使各因子分之和等于总分。
	</tag>
	<tag name="all" label="总分">
		all：全部，表示本问卷总体反应的心理情况
	</tag>
  </tags>
  
<!-- 
	remark
	tag：问卷的评判维度
	result：问卷的评判维度的得分区间标志
	text：问卷的评判维度的得分文本说明
-->

  <remarks>
    <remark Tag="so" Tag_for_score="high" Name="躯体化">您的得分高于平均水平，属于高分组。这个维度主要反映身体不适感，包括心血管、胃肠道、呼吸和其他系统的不适，和头痛、背痛、肌肉酸痛，以及焦虑等躯体不适表现。得分越高，躯体的不适感越强；得分越低，症状体验越不明显。</remark>
    <remark Tag="so" Tag_for_score="low" Name="躯体化">您的得分低于平均水平，属于低分组。这个维度主要反映身体不适感，包括心血管、胃肠道、呼吸和其他系统的不适，和头痛、背痛、肌肉酸痛，以及焦虑等躯体不适表现。得分越高，躯体的不适感越强；得分越低，症状体验越不明显。</remark>
	
	
    <remark Tag="oc" Tag_for_score="high" Name="强迫症状">您的得分高于平均水平，属于高分组。这个维度主要指那些明知没有必要，但又无法摆脱的无意义的思想、冲动和行为，还有一些比较一般的认知障碍的行为征象也在这一因子中反映。得分越高，表明个体越无法摆脱一些无意义的行为、思想和冲动，并可能表现出一些认知障碍的行为征兆；得分越低，表明个体在此种症状上表现越不明显，没有出现强迫行为。</remark>
    <remark Tag="oc" Tag_for_score="low" Name="强迫症状">您的得分低于平均水平，属于低分组。这个维度主要指那些明知没有必要，但又无法摆脱的无意义的思想、冲动和行为，还有一些比较一般的认知障碍的行为征象也在这一因子中反映。得分越高，表明个体越无法摆脱一些无意义的行为、思想和冲动，并可能表现出一些认知障碍的行为征兆；得分越低，表明个体在此种症状上表现越不明显，没有出现强迫行为。</remark>
	
	
    <remark Tag="is" Tag_for_score="high" Name="人际关系敏感">您的得分高于平均水平，属于高分组。这个维度主要是指某些人际的不自在与自卑感，特别是与其他人相比较时更加突出。在人际交往中的自卑感，心神不安，明显的不自在，以及人际交流中的不良自我暗示，消极的期待等是这方面症状的典型原因。得分越高，个体在人际交往中表现的问题就越多，自卑，自我中心越突出，并且已表现出消极的期待；得分越低，个体在人际关系上越能应付自如，人际交流自信、胸有成竹，并抱有积极的期待。</remark>
    <remark Tag="is" Tag_for_score="low" Name="人际关系敏感">您的得分低于平均水平，属于低分组。这个维度主要主要是指某些人际的不自在与自卑感，特别是与其他人相比较时更加突出。在人际交往中的自卑感，心神不安，明显的不自在，以及人际交流中的不良自我暗示，消极的期待等是这方面症状的典型原因。得分越高，个体在人际交往中表现的问题就越多，自卑，自我中心越突出，并且已表现出消极的期待；得分越低，个体在人际关系上越能应付自如，人际交流自信、胸有成竹，并抱有积极的期待。</remark>
	
	
    <remark Tag="de" Tag_for_score="high" Name="抑郁">您的得分高于平均水平，属于高分组。苦闷的情感与心境为代表性症状，还以生活兴趣的减退，动力缺乏，活力丧失等为特征。还表现出失望、悲观以及与抑郁相联系的认知和躯体方面的感受，另外，还包括有关死亡的思想和自杀观念。得分越高，抑郁程度越明显；得分越低，抑郁程度越不明显。</remark>
    <remark Tag="de" Tag_for_score="low" Name="抑郁">您的得分低于平均水平，属于低分组。苦闷的情感与心境为代表性症状，还以生活兴趣的减退，动力缺乏，活力丧失等为特征。还表现出失望、悲观以及与抑郁相联系的认知和躯体方面的感受，另外，还包括有关死亡的思想和自杀观念。得分越高，抑郁程度越明显；得分越低，抑郁程度越不明显。</remark>
	
	
    <remark Tag="an" Tag_for_score="high" Name="焦虑">您的得分高于平均水平，属于高分组。一般指那些烦躁，坐立不安，神经过敏，紧张以及由此产生的躯体征象，如震颤等。得分越高，焦虑表现越明显；得分越低，越不会导致焦虑。</remark>
    <remark Tag="an" Tag_for_score="low" Name="焦虑">您的得分低于平均水平，属于低分组。一般指那些烦躁，坐立不安，神经过敏，紧张以及由此产生的躯体征象，如震颤等。得分越高，焦虑表现越明显；得分越低，越不会导致焦虑。</remark>
	
	
    <remark Tag="ho" Tag_for_score="high" Name="敌对">您的得分高于平均水平，属于高分组。主要从三方面来反映敌对的表现：思想、感情及行为。其项目包括厌烦的感觉，摔物，争论直到不可控制的脾气暴发等各方面。得分越高，个体越容易敌对，好争论，脾气难以控制；得分越低，个体的脾气越温和，待人友好，不喜欢争论、无破坏行为。</remark>
    <remark Tag="ho" Tag_for_score="low" Name="敌对">您的得分低于平均水平，属于低分组。主要从三方面来反映敌对的表现：思想、感情及行为。其项目包括厌烦的感觉，摔物，争论直到不可控制的脾气暴发等各方面。得分越高，个体越容易敌对，好争论，脾气难以控制；得分越低，个体的脾气越温和，待人友好，不喜欢争论、无破坏行为。</remark>
	
	
    <remark Tag="pa" Tag_for_score="high" Name="恐怖">您的得分高于平均水平，属于高分组。恐惧的对象包括出门旅行，空旷场地，人群或公共场所和交通工具。此外，还有社交恐怖。得分越高，个体越容易对一些场所和物体发生恐惧，并伴有明显的躯体症状；得分越低，个体越不易产生恐怖心理，越能正常的交往和活动。</remark>
    <remark Tag="pa" Tag_for_score="low" Name="恐怖">您的得分低于平均水平，属于低分组。恐惧的对象包括出门旅行，空旷场地，人群或公共场所和交通工具。此外，还有社交恐怖。得分越高，个体越容易对一些场所和物体发生恐惧，并伴有明显的躯体症状；得分越低，个体越不易产生恐怖心理，越能正常的交往和活动。</remark>
	
	
    <remark Tag="pi" Tag_for_score="high" Name="偏执">您的得分高于平均水平，属于高分组。主要指投射性思维，敌对，猜疑，妄想，被动体验和夸大等。得分越高，个体越易偏执，表现出投射性的思维和妄想；得分越低，个体思维越不易走极端。</remark>
    <remark Tag="pi" Tag_for_score="low" Name="偏执">您的得分低于平均水平，属于低分组。主要指投射性思维，敌对，猜疑，妄想，被动体验和夸大等。得分越高，个体越易偏执，表现出投射性的思维和妄想；得分越低，个体思维越不易走极端。</remark>
	
	
    <remark Tag="ps" Tag_for_score="high" Name="精神病">您的得分高于平均水平，属于高分组。反映各式各样的急性症状和行为，即限定不严的精神病性过程的症状表现。得分越高，越多的表现出精神病性症状和行为；得分越低，就越少表现出这些症状和行为。</remark>
    <remark Tag="ps" Tag_for_score="low" Name="精神病">您的得分低于平均水平，属于低分组。反映各式各样的急性症状和行为，即限定不严的精神病性过程的症状表现。得分越高，越多的表现出精神病性症状和行为；得分越低，就越少表现出这些症状和行为。</remark>
  </remarks>

</questionnaire>